filename,choice
0408_17_06_18___i2516_SB_______SM_______CR_TP1_ID218_CAM0_TP1_THR986_CN1586365580584985000_TCN-218___.png,<02_mediumident> or <00_unident>
0408_17_08_31___i3846_SG________________CR_TP1_ID723_CAM0_TP1_THR767_CN1586365713587568000_TCN-723___.png,<01_lowident> or <00_unident>
0408_17_10_20___i4933_IN________________CR_TP1_ID894_CAM0_TP1_THR820_CN1586365822339815000_TCN-894___.png,<01_lowident> or <03_goodident>
0408_17_18_05___i9584__________SM_______CR_TP1_ID2177_CAM0_TP1_THR750_CN1586366287230010000_TCN-2177_MN.png,<02_mediumident> or <03_goodident>
0408_17_37_08___i21009__________SM__________TP1_ID4198_CAM0_TP1_THR883_CN1586367429262246000_TCN-4198___.png,<03_goodident> or <02_mediumident>
0408_18_09_32___i40458__________SM_______CR_TP1_ID4872_CAM0_TP1_THR982_CN1586369373696980000_TCN-4872___.png,<03_goodident> or <02_mediumident>
0408_18_58_05___i69586__________SM_______CR_TP1_ID6322_CAM0_TP1_THR750_CN1586372285838552000_TCN-6322_MN.png,<01_lowident> or <02_mediumident>
0409_08_09_39___i544566___________________CR_TP1_ID19478_CAM0_TP1_THR662_CN-19478_TCN-19478___.png,<02_mediumident> or <01_lowident>
0409_08_16_00___i548283__________SM_______CR_TP1_ID22716_CAM0_TP1_THR750_CN1586420161311710000_TCN-22716_MN.png,<02_mediumident> or <01_lowident>
0409_08_16_51___i548747__________SM_______CR_TP1_ID23428_CAM0_TP1_THR777_CN1586420211733955000_TCN-23428___.png,<01_lowident> or <02_mediumident>
0409_09_14_18___i582953__________SM_______CR_TP1_ID28711_CAM0_TP1_THR750_CN1586423654762406000_TCN-28711_MN.png,<01_lowident> or <00_unident>
0409_09_21_09___i2129__________SM_______CR_TP1_ID3115_CAM0_TP1_THR967_CN1586424069108552000_TCN-3115___.png,<01_lowident> or <03_goodident>
0409_10_13_14___i33378__________SM_______CR_TP1_ID12542_CAM0_TP1_THR999_CN1586427192566927000_TCN-12542___.png,<00_unident> or <03_goodident>
0409_10_35_54___i46981__________SM_______CR_TP1_ID16397_CAM0_TP1_THR992_CN1586428555024223000_TCN-16397___.png,<01_lowident> or <03_goodident>
0409_11_05_18___i64624__________SM_______CR_TP1_ID18462_CAM0_TP1_THR750_CN1586430307282173000_TCN-18462_MN.png,<02_mediumident> or <01_lowident>
0409_11_17_10___i71746__________SM_______CR_TP1_ID19779_CAM0_TP1_THR750_CN1586431029924719000_TCN-19779_MN.png,<02_mediumident> or <00_unident>
0409_14_06_13___i172521_IB_______SM_______CR_TP1_ID34887_CAM0_TP1_THR824_CN1586441177363048000_TCN-34887___.png,<02_mediumident> or <03_goodident>
0409_14_46_39___i196509__________SM_______CR_TP1_ID37839_CAM0_TP1_THR868_CN1586443598893175000_TCN-37839___.png,<02_mediumident> or <00_unident>
0409_15_53_30___i233576_OT_______SM_______CR_TP1_ID46875_CAM0_TP1_THR684_CN1586447611240502000_TCN-46875___.png,<03_goodident> or <02_mediumident>
0409_17_19_46___i33770_SB________________CR_TP1_ID6316_CAM0_TP1_THR749_CN1586452788347531000_TCN-6316___.png,<02_mediumident> or <03_goodident>
0409_18_01_21___i58721__________SM__________TP1_ID9754_CAM0_TP1_THR999_CN1586455281810375000_TCN-9754___.png,<03_goodident> or <02_mediumident>
0410_09_12_01___i605020___________________CR_TP1_ID24257_CAM0_TP1_THR698_CN-24257_TCN-24257___.png,<01_lowident> or <02_mediumident>
0410_09_15_46___i607199_IB_______SM_______CR_TP1_ID25079_CAM0_TP1_THR967_CN1586510149565667000_TCN-25079___.png,<03_goodident> or <02_mediumident>
0410_10_19_06___i644901_SB________________CR_TP1_ID30950_CAM0_TP1_THR997_CN1586513950176387000_TCN-30950___.png,<01_lowident> or <02_mediumident>
0410_10_22_19___i646745__________SM_______CR_TP1_ID31837_CAM0_TP1_THR931_CN1586514138013022000_TCN-31837___.png,<01_lowident> or <02_mediumident>
0410_10_50_25___i662894___________________CR_TP1_ID36811_CAM0_TP1_THR696_CN-36811_TCN-36811___.png,<01_lowident> or <03_goodident>
0410_11_07_54___i672980__________SM_______CR_TP1_ID38598_CAM0_TP1_THR750_CN1586516876852449000_TCN-38598_MN.png,<03_goodident> or <01_lowident>
0326_11_37_08___i9173201_LOOK_CLR_TP1_ID3107971_CAM0_TP1_THR755_CN1585222640712019000_TCN-3107971.png,<01_lowident> or <00_unident>
0326_14_11_21___i158348_LOOK_CLR_TP1_ID40177_CAM0_TP1_THR972_CN1585231883384782000_TCN-40173.png,<01_lowident> or <02_mediumident>
0326_15_35_45___i255328_LOOK_CLR_TP1_ID45652_CAM0_TP1_THR927_CN1585236935712083000_TCN-45645.png,<02_mediumident> or <00_unident>
0327_13_01_02___i1700433_OUTB_CLR_TP1_ID986752_CAM0_TP1_THR911_CN1585314064459763000_TCN-986751.png,<02_mediumident> or <01_lowident>
0327_17_09_23___i1930416_LOOK_CLR_TP1_ID1010616_CAM0_TP1_THR766_CN1585328934970918000_TCN-1010616.png,<01_lowident> or <02_mediumident>
0327_18_44_56___i2024093_LOOK_CLR_TP1_ID1014702_CAM0_TP1_THR927_CN1585334701265923000_TCN-1014702.png,<00_unident> or <01_lowident>
0407_08_34_48___i19705398_INB_CLR_TP1_ID12665910_CAM0_TP1_THR660_CN1586248522229578000_TCN-12665910.png,<01_lowident> or <00_unident>
0407_15_51_04___i20160808_LOOK_CLR_TP1_ID12700635_CAM0_TP1_THR689_CN1586274650216924000_TCN-12700635.png,<01_lowident> or <02_mediumident>
0413_10_57_26___i28941903_INB_CLR_TP1_ID17020574_CAM0_TP1_THR847_CN1586775490372768000_TCN-17020574.png,<01_lowident> or <02_mediumident>
0415_11_40_19___i30034214_INN_CLR_TP1_ID17710471_CAM0_TP1_THR950_CN1586950855481631000_TCN-17710471.png,<00_unident> or <01_lowident>
0419_11_38_49___i1098482_SG________________CR_TP1_ID472406_CAM0_TP1_THR850_CN1587296354592595000_TCN-472406___.png,<02_mediumident> or <01_lowident>
0421_11_54_50___i997104__________SM_______CR_TP1_ID26672_CAM0_TP1_THR750_CN1587470086600094000_TCN-26672_MN.png,<01_lowident> or <00_unident>
0421_13_28_19___i1074242_IB________________CR_TP1_ID26857_CAM0_TP1_THR751_CN1587475703662326000_TCN-26857___.png,<02_mediumident> or <03_goodident>
0421_13_40_12___i584___________________CR_TP1_ID224_CAM0_TP1_THR539_CN-224_TCN-224___.png,<02_mediumident> or <01_lowident>
0421_17_53_00___i2163907__________SM_______CR_TP1_ID569710_CAM0_TP1_THR973_CN1587491580491261000_TCN-569710___.png,<00_unident> or <01_lowident>
copy_0752_0401_06_20_54___i9458982_SGLB_CLR_TP2_ID5865556_CAM0_TP2_THR828_CN1585722055352950000_TCN-5865556.png,<00_unident> or <01_lowident>
copy_9081_0327_16_50_34___i1913143_INB_CLR_TP1_ID1009255_CAM0_TP1_THR790_CN1585327839085997000_TCN-1009255.png,<03_goodident> or <02_mediumident>
0410_10_25_54___i648841__________SM_______CR_TP1_ID32502_CAM0_TP1_THR750_CN1586514350332641000_TCN-32502_MN.png,<03_goodident> or <02_mediumident>
0418_08_02_32___i50181__________SM_______CR_TP1_ID39968_CAM0_TP1_THR750_CN1587196944772418000_TCN-39968_MN.png,<00_unident> or <02_mediumident>
0418_10_39_59___i6444_IB_______SM_______CR_TP1_ID7052_CAM0_TP1_THR997_CN1587206401299040000_TCN-7052___.png,<02_mediumident> or <03_goodident>
0418_11_26_36___i9429___________________CR_TP1_ID10037_CAM0_TP1_THR696_CN-10037_TCN-10037___.png,<01_lowident> or <03_goodident>
0418_12_01_06___i4086__________SM_______CR_TP1_ID4593_CAM0_TP1_THR818_CN1587211268331284000_TCN-4593___.png,<02_mediumident> or <03_goodident>
0418_12_08_08___i1967__________SM_______CR_TP1_ID2390_CAM0_TP1_THR750_CN1587211688544649000_TCN-2390_MN.png,<00_unident> or <01_lowident>
0421_15_39_52___i99429___________________CR_TP1_ID2115_CAM0_TP1_THR652_CN-2115_TCN-2115___.png,<00_unident> or <01_lowident>
0421_17_00_30___i165972_SG________________CR_TP1_ID4209_CAM0_TP1_THR856_CN1587488432391389000_TCN-4209___.png,<01_lowident> or <02_mediumident>
0422_07_43_13___i74630__________SM_______CR_TP1_ID1098_CAM0_TP1_THR750_CN1587541388172525000_TCN-1098_MN.png,<01_lowident> or <02_mediumident>
0422_09_15_23___i158591_IB_______SM_______CR_TP1_ID57970_CAM0_TP1_THR986_CN1587546927574953000_TCN-57970___.png,<01_lowident> or <00_unident>
0422_09_28_03___i164774__________SM_______CR_TP1_ID65378_CAM0_TP1_THR750_CN1587547686483682000_TCN-65378_MN.png,<01_lowident> or <00_unident>
0422_11_02_47___i23062__________SM_______CR_TP1_ID160_CAM0_TP1_THR907_CN1587553367991328000_TCN-160___.png,<01_lowident> or <00_unident>
0422_11_41_26___i210586______________________TP1_ID137974_CAM0_TP1_THR691_CN-137974_TCN-137974___.png,<02_mediumident> or <01_lowident>
0422_12_28_00___i93713___________________CR_TP1_ID12026_CAM0_TP1_THR500_CN-12026_TCN-12026___.png,<02_mediumident> or <03_goodident>
0422_14_37_19___i345345__________SM_______CR_TP1_ID155387_CAM0_TP1_THR680_CN1587566210037793000_TCN-155387___.png,<01_lowident> or <00_unident>
0422_16_22_43___i286916__________SM_______CR_TP1_ID126534_CAM0_TP1_THR750_CN1587572561661497000_TCN-126534_MN.png,<02_mediumident> or <01_lowident>
0410_11_24_22___i542142_SB________________CR_TP1_ID47281_CAM0_TP1_THR785_CN1586517867087840000_TCN-47281___.png,<01_lowident> or <00_unident>
0416_15_04_43___i325721_IN____PC_SM__________TP1_ID183081_CAM0_TP1_THR971_CN1587049492623625000_TCN-183081___.png,<01_lowident> or <02_mediumident>
0421_16_54_10___i2149944__________SM__________TP1_ID568291_CAM0_TP1_THR687_CN1587488053908230000_TCN-568291___.png,<00_unident> or <01_lowident>
0423_16_44_35___i211613___________________CR_TP1_ID155314_CAM0_TP1_THR663_CN-155314_TCN-155314___.png,<01_lowident> or <02_mediumident>
0922__19_40_47__i0022496__gcn0002512__0002516__person___________.png,<01_lowident> or <00_unident>
0922__21_54_18__i0102618__gcn0006791__0006792__person_____L2____.png,<01_lowident> or <02_mediumident>
0923__07_01_18__i0430870__gcn0008551__0008551__person_____L1____.png,<02_mediumident> or <00_unident>
0923__07_12_34__i0437631__gcn0010712__0010715__person___________.png,<01_lowident> or <00_unident>
0923__07_29_32__i0447801__gcn0012945__0013155__person_____L2____.png,<01_lowident> or <00_unident>
0923__07_29_41__i0447851__gcn0013523__0013556__person_____L2____.png,<00_unident> or <01_lowident>
0923__07_39_33__i0453819__gcn0015261__0015315__person_____L2____.png,<00_unident> or <02_mediumident>
0923__08_39_54__i0490036__gcn0027386__0027415__person_____L1____.png,<01_lowident> or <02_mediumident>
0923__10_12_43__i0545734__gcn0039899__0039899__person_____L2____.png,<01_lowident> or <03_goodident>
0923__10_27_41__i0554718__gcn0041979__0042135__person___________.png,<02_mediumident> or <01_lowident>
0923__10_52_52__i0569828__gcn0044498__0044498__person___________.png,<00_unident> or <02_mediumident>
0923__11_59_13__i0609644__gcn0048651__0048651__person__P2_______.png,<02_mediumident> or <03_goodident>
0923__12_22_28__i0623595__gcn0063562__0063615__person__P1_L1____.png,<02_mediumident> or <03_goodident>
0923__12_39_04__i0633554__gcn0066939__0066984__person__P2_______.png,<02_mediumident> or <01_lowident>
0923__13_48_07__i0674994__gcn0072325__0072325__person___________.png,<01_lowident> or <02_mediumident>
0923__13_54_13__i0678649__gcn0073868__0073868__person_____L2____.png,<03_goodident> or <02_mediumident>
0923__14_06_40__i0686125__gcn0076395__0076546__person_____L2____.png,<01_lowident> or <00_unident>
0923__14_16_00__i0691722__gcn0079556__0079556__multy_____L2____.png,<01_lowident> or <02_mediumident>
0923__14_29_30__i0699830__gcn0082250__0082400__person_____L1____.png,<00_unident> or <01_lowident>
0923__14_31_23__i0700953__gcn0082957__0082957__person_____L2____.png,<02_mediumident> or <00_unident>
0923__14_49_18__i0711706__gcn0088085__0088085__person_____L2____.png,<02_mediumident> or <01_lowident>
0923__15_09_40__i0723930__gcn0090994__0090997__person__P1_L2____.png,<03_goodident> or <02_mediumident>
0923__17_13_11__i0798046__gcn0107455__0107543__person___________.png,<03_goodident> or <02_mediumident>
0923__17_16_47__i0800180__gcn0109559__0109562__person_____L2____.png,<02_mediumident> or <01_lowident>
0923__17_26_19__i0805922__gcn0112261__0112261__multy_____L2____.png,<00_unident> or <01_lowident>
0923__17_55_26__i0823403__gcn0115821__0115825__person_____L2____.png,<03_goodident> or <02_mediumident>
0923__18_12_38__i0833728__gcn0118584__0118584__person_____L2____.png,<01_lowident> or <00_unident>
0923__18_14_37__i0834909__gcn0118917__0118917__person___________.png,<00_unident> or <02_mediumident>
0923__18_21_18__i0838923__gcn0120506__0120506__person_____L2____.png,<01_lowident> or <00_unident>
0923__18_21_31__i0839024__gcn0120873__0120873__multy_____L2____.png,<00_unident> or <01_lowident>
0923__18_59_55__i0862103__gcn0128957__0128971__person__P1_L2____.png,<03_goodident> or <02_mediumident>
0924__06_47_48__i1286894__gcn0133555__0133556__person__P2_______.png,<02_mediumident> or <03_goodident>
0924__08_29_10__i1347719__gcn0148660__0148668__person_____L1____.png,<01_lowident> or <02_mediumident>
0924__09_09_55__i1372181__gcn0156579__0156585__person_____L1____.png,<01_lowident> or <02_mediumident>
0924__10_03_47__i1404501__gcn0162645__0162659__person___________.png,<01_lowident> or <02_mediumident>
0924__10_41_25__i1427078__gcn0168601__0168601__person__P2_______.png,<02_mediumident> or <03_goodident>
0924__11_51_47__i1469314__gcn0175071__0175072__person___________.png,<02_mediumident> or <00_unident>
0924__12_04_02__i1476635__gcn0179917__0179921__person___________.png,<01_lowident> or <00_unident>
0924__13_04_00__i1512640__gcn0186885__0186898__person__P2_______.png,<03_goodident> or <02_mediumident>
0924__13_05_23__i1513464__gcn0187146__0187157__person__P1_L1____.png,<01_lowident> or <03_goodident>
0924__13_34_54__i1531184__gcn0189933__0189933__person__P2_______.png,<03_goodident> or <02_mediumident>
0924__14_38_29__i1569344__gcn0198825__0198827__person_____L2____.png,<01_lowident> or <00_unident>
0924__15_21_45__i1595309__gcn0205151__0205151__multy_____L2____.png,<02_mediumident> or <01_lowident>
0924__16_09_33__i1623957__gcn0209736__0209898__person_____L2____.png,<02_mediumident> or <03_goodident>
0924__17_12_17__i1661581__gcn0225645__0225904__person_____L2____.png,<01_lowident> or <02_mediumident>
0924__18_03_45__i1692470__gcn0230857__0231014__person__P2_______.png,<02_mediumident> or <03_goodident>
0924__18_55_29__i1723547__gcn0239162__0239162__person_____L2____.png,<00_unident> or <01_lowident>
0924__22_18_19__i1845243__gcn0245777__0245915__person___________.png,<01_lowident> or <00_unident>
0925__06_10_54__i0254492__gcn0003292__0003408__person__P1_______.png,<00_unident> or <01_lowident>
0925__07_30_53__i0302483__gcn0028951__0029250__person_____L2____.png,<01_lowident> or <00_unident>
0925__08_22_30__i0333465__gcn0037607__0037607__person__P2_L1____.png,<02_mediumident> or <01_lowident>
0925__08_49_12__i0349483__gcn0042925__0042925__multy_____L2____.png,<00_unident> or <01_lowident>
0925__13_43_31__i0526096__gcn0091040__0091042__person___________.png,<03_goodident> or <02_mediumident>
0925__13_59_06__i0535446__gcn0095615__0095628__person_____L1____.png,<02_mediumident> or <01_lowident>
0925__14_21_35__i0548940__gcn0111057__0111086__person_____L2____.png,<02_mediumident> or <00_unident>
0925__15_39_47__i0595861__gcn0129599__0129863__person_____L2____.png,<02_mediumident> or <01_lowident>
0925__16_57_24__i0642445__gcn0144323__0144409__person_____L1____.png,<03_goodident> or <02_mediumident>
0925__17_08_21__i0649011__gcn0145750__0145752__person__P1_L2____.png,<02_mediumident> or <03_goodident>
0925__17_15_32__i0653314__gcn0147614__0147625__person_____L2____.png,<01_lowident> or <03_goodident>
0925__17_16_52__i0654116__gcn0148515__0148515__person___________.png,<03_goodident> or <02_mediumident>
0925__18_59_34__i0715746__gcn0158631__0158783__person_____L2____.png,<02_mediumident> or <00_unident>
0926__07_24_41__i0346728__gcn0003814__0003922__person_____L2____.png,<01_lowident> or <00_unident>
0926__07_27_54__i0348658__gcn0004488__0004841__person___________.png,<01_lowident> or <02_mediumident>
0926__07_52_04__i0363154__gcn0007604__0007680__person__P1_L1____.png,<03_goodident> or <02_mediumident>
0926__13_58_39__i0583136__gcn0069232__0069232__person___________.png,<02_mediumident> or <01_lowident>
0926__14_53_01__i0615768__gcn0075033__0075070__person___________.png,<02_mediumident> or <03_goodident>
0926__17_57_39__i0726542__gcn0091948__0092424__person___________.png,<02_mediumident> or <03_goodident>
0926__18_28_05__i0744821__gcn0095750__0095750__person__P2_______.png,<02_mediumident> or <03_goodident>
0104_10_20_08_i695555_id9602_cn1578133216271664000_thr969. .jpg,<03_goodident> or <00_unident>
0105_09_56_29_i741815_id10353_cn1578218218932667000_thr923.Out looks_different.jpg,<01_lowident> or <02_mediumident>
0106_10_52_59_i742955_id7919_cn1578307992779133000_thr979.Out_bord looks_different.jpg,<03_goodident> or <01_lowident>
0114_10_18_12_i565800_id10329_tcn-10329_cn1578997093826553000_thr996.In_bord_.jpg,<02_mediumident> or <01_lowident>
0114_14_09_01_i704333_id23288_tcn-23288_cn1579010944376610000_thr768.Sgl_.jpg,<00_unident> or <01_lowident>
0114_15_27_44_i751368_id28160_tcn-28160_cn1579015668230957000_thr910.Sg_bord_crossing.jpg,<02_mediumident> or <00_unident>
0114_16_07_20_i774924_id33324_tcn-33322_cn1579018045853194000_thr994.Out_different_place.jpg,<00_unident> or <02_mediumident>
0115_10_19_10_i1427697_id55692_tcn-55692_cn1579083557756288000_thr969.Sgl_looks_different.jpg,<02_mediumident> or <01_lowident>
0115_13_30_52_i1534320_id70108_tcn-70108_cn1579095060752979000_thr988.Sg_bord_looks_different.jpg,<01_lowident> or <00_unident>
0116_13_39_00_i2350288_id104837_tcn-104837_cn1579181948300458000_thr749.Out_.jpg,<03_goodident> or <02_mediumident>
0116_15_08_13_i2388425_id114042_tcn-114042_cn1579187300030850000_thr955.In_bord_different_place.jpg,<03_goodident> or <01_lowident>
0117_13_45_21_i3109190_id149759_tcn-149759_cn1579268736576995000_thr631._.jpg,<00_unident> or <01_lowident>
0117_16_15_35_i3177866_id156965_tcn-156965_cn1579277751383053000_thr988.Sgl_different_place.jpg,<00_unident> or <03_goodident>
0118_10_40_09_i3810487_id164368_tcn-164368_cn1579344020144981000_thr749.Sgl_different_place.jpg,<01_lowident> or <00_unident>
0120_11_37_51_i5315624_id213837_tcn-213837_cn1579520293099629000_thr971.In_.jpg,<01_lowident> or <02_mediumident>
0120_15_28_28_i5406189_id223954_tcn-223954_cn1579534132053985000_thr766.Sgl_looks_different.jpg,<00_unident> or <01_lowident>
0121_13_12_57_i6069754_id255575_tcn-255575_cn1579612318777056000_thr711._.jpg,<01_lowident> or <03_goodident>
0122_12_52_03_i6730002_id285806_tcn-285806_cn1579697538065368000_thr583.Out_.jpg,<02_mediumident> or <01_lowident>
0123_09_44_19_i526134_id29984_tcn-29984_cn1579772663069486000_thr986.In_bord_.jpg,<01_lowident> or <00_unident>
0123_10_49_19_i562855_id39117_tcn-39117_cn1579776558160502000_thr827.Out_bord_.jpg,<01_lowident> or <00_unident>
0123_11_38_53_i587883_id51636_tcn-51636_cn1579779528106157000_thr771._different_place.jpg,<00_unident> or <03_goodident>
0123_13_12_37_i634527_id62197_tcn-62197_cn1579785165803588000_thr565.In_.jpg,<02_mediumident> or <00_unident>
0123_14_29_17_i675429_id67063_tcn-67063_cn1579789763003561000_thr940.Sg_bord_.jpg,<02_mediumident> or <01_lowident>
0123_16_42_11_i742345_id76661_tcn-76661_cn1579797738546370000_thr779._.jpg,<00_unident> or <01_lowident>
0124_09_33_06_i1313503_id96734_tcn-96734_cn1579858398567306000_thr803.Sg_bord_crossing.jpg,<00_unident> or <01_lowident>
0124_14_00_47_i1451032_id121622_tcn-121622_cn1579874457040693000_thr863.Out_different_place.jpg,<03_goodident> or <02_mediumident>
0124_17_16_53_i1554352_id131732_tcn-131732_cn1579886229205750000_thr764.Sgl_different_place.jpg,<01_lowident> or <00_unident>
0127_12_01_16_i3708573_id204547_tcn-204547_cn1580126497649163000_thr839.Out_.jpg,<02_mediumident> or <00_unident>
0128_09_15_13_i4344851_id224983_tcn-224983_cn1580202936861440000_thr727.In_.jpg,<01_lowident> or <00_unident>
0128_11_08_11_i4384622_id229762_tcn-229754_cn1580209706559703000_thr998._crossing.jpg,<01_lowident> or <00_unident>
0128_17_17_07_i4491611_id249987_tcn-249987_cn1580231841897139000_thr989.Sgl_looks_different.jpg,<00_unident> or <01_lowident>
0129_16_07_27_i5144727_id274435_tcn-274435_cn1580314025935791000_thr541.Out_bord_.jpg,<02_mediumident> or <00_unident>
0130_13_46_32_i5771729_id294245_tcn-294245_cn1580392021811115000_thr716.Sgl_crossing.jpg,<00_unident> or <01_lowident>
0203_09_54_20_i8374874_id366950_tcn-366950_cn1580723695743908000_thr673._crossing.jpg,<02_mediumident> or <00_unident>
0204_13_46_15_i9079496_id393086_tcn-393086_cn1580824002981514000_thr1000.In_looks_different.jpg,<00_unident> or <03_goodident>
0204_15_23_09_i9113996_id394971_tcn-394971_cn1580829829103106000_thr774.In_bord_.jpg,<01_lowident> or <02_mediumident>
0205_11_57_49_i9730748_id405701_tcn-405701_cn1580903890961071000_thr702.Sg_bord_.jpg,<01_lowident> or <02_mediumident>
0206_09_16_44_i10334878_id420369_tcn-420369_cn1580980647858982000_thr972.Sgl_.jpg,<00_unident> or <02_mediumident>
0206_11_19_27_i10385516_id422110_tcn-422110_cn1580987990231828000_thr552.In_.jpg,<02_mediumident> or <01_lowident>
0206_13_20_35_i10438527_id423558_tcn-423558_cn1580995271470708000_thr733.In_crossing.jpg,<02_mediumident> or <01_lowident>
0206_15_04_03_i10482555_id424746_tcn-424746_cn1581001480871599000_thr957._different_place.jpg,<00_unident> or <03_goodident>
0206_16_33_19_i10521592_id425735_tcn-425735_cn1581006818698667000_thr815.Sg_bord_crossing.jpg,<01_lowident> or <00_unident>
0207_11_51_12_i11140987_id431720_tcn-431720_cn1581076316986695000_thr945.Sgl_different_place.jpg,<02_mediumident> or <03_goodident>
0207_20_00_13_i11351355_id438102_tcn-438102_cn1581105655066685000_thr916.In_.jpg,<02_mediumident> or <01_lowident>
0208_08_57_33_i11803034_id439041_tcn-439041_cn1581152252868272000_thr699._different_place.jpg,<02_mediumident> or <00_unident>
0208_11_01_15_i11867445_id439871_tcn-439871_cn1581159699550263000_thr903.In_.jpg,<03_goodident> or <02_mediumident>
0208_15_20_03_i12001265_id441615_tcn-441614_cn1581175200057469000_thr950.Out_bord_.jpg,<01_lowident> or <00_unident>
0209_09_06_21_i12605340_id444024_tcn-444024_cn1581239211787670000_thr997.Sgl_different_place.jpg,<01_lowident> or <03_goodident>
0220_12_30_44_i624830_id21759_tcn-21759_cn1582201848438767000_thr979.Sgl_different_place.jpg,<01_lowident> or <03_goodident>
0223_15_41_29_i3298248_id84373_tcn-84373_cn1582472491010567000_thr941.Out_bord_.jpg,<01_lowident> or <00_unident>
0224_18_10_10_i4243981_id91807_tcn-91807_cn1582567820381984000_thr954.Out_.jpg,<01_lowident> or <00_unident>
0225_13_38_10_i4909037_id108559_tcn-108559_cn1582637885887196000_thr957.Out_bord_.jpg,<01_lowident> or <00_unident>
0225_16_55_47_i5007475_id116958_tcn-116958_cn1582649758723479000_thr978._crossing.jpg,<02_mediumident> or <00_unident>
0229_13_53_41_i8232631_id161609_tcn-161609_cn1582984429637133000_thr966.Sg_bord_crossing.jpg,<02_mediumident> or <03_goodident>
0301_08_24_21_i8861734_id169947_tcn-169947_cn1583051078227329000_thr781.Sgl_different_place.jpg,<00_unident> or <02_mediumident>
0304_16_55_01_i11627523_id212417_tcn-212417_cn1583340920675031000_thr814.In_.jpg,<02_mediumident> or <03_goodident>
0307_15_54_08___INB_CLR_TP1_ID1086_CAM0_i333641_TP1_THR628_CN19_TCN-1086.png,<00_unident> or <01_lowident>
0310_11_49_17___i158435_INB_CLR_TP1_ID5032_CAM0_TP1_THR696_CN1583840958836691000_TCN-5032.png,<00_unident> or <01_lowident>
0310_12_05_15___i177491_LOOK_CLR_TP1_ID10143_CAM0_TP1_THR855_CN1583841912871736000_TCN-10143.png,<00_unident> or <01_lowident>
0310_12_43_49___i223330_LOOK_CLR_TP1_ID20000_CAM0_TP1_THR878_CN1583844219833020000_TCN-20000.png,<01_lowident> or <00_unident>
0310_13_09_46___i254256_SGLB_TP1_ID20828_CAM0_TP1_THR842_CN1583845788402673000_TCN-20828.png,<00_unident> or <01_lowident>
0310_14_07_13___i317356_LOOK_CLR_TP1_ID31500_CAM0_TP1_THR852_CN1583849232326375000_TCN-31500.png,<00_unident> or <01_lowident>
0310_14_08_55___i318483_INN_CLR_TP1_ID32872_CAM0_TP1_THR919_CN1583849338418387000_TCN-32872.png,<01_lowident> or <00_unident>
0310_15_55_51___i405449_INB_CLR_TP1_ID67885_CAM0_TP1_THR800_CN1583855756079041000_TCN-67885.png,<00_unident> or <01_lowident>
0312_11_52_27___i4661_LOOK_CLR_TP1_ID15038_CAM0_TP1_THR732_CN1584013949053169000_TCN-15038.png,<00_unident> or <01_lowident>
0312_11_54_50___i6029_OUT_CLR_TP1_ID19900_CAM0_TP1_THR722_CN1584014091690433000_TCN-19900.png,<00_unident> or <01_lowident>
0312_12_18_24___i25412_OUT_CLR_TP1_ID31959_CAM0_TP1_THR729_CN1584015504911076000_TCN-31959.png,<01_lowident> or <00_unident>
0312_12_41_07___i34845_OUT_LOOK_CLR_TP1_ID53476_CAM0_TP1_THR846_CN1584016869532272000_TCN-53476.png,<00_unident> or <01_lowident>
0312_14_18_22___i30144_LOOK_CLR_TP1_ID8981_CAM0_TP1_THR706_CN1584022702048767000_TCN-8981.png,<01_lowident> or <00_unident>
0312_15_22_32___i77773_LOOK_CLR_TP1_ID56388_CAM0_TP1_THR706_CN1584026544047386000_TCN-56388.png,<00_unident> or <01_lowident>
0313_11_35_22___i1923_INB_CLR_TP1_ID11_CAM0_TP1_THR741_CN1584099323831984000_TCN-11.png,<01_lowident> or <00_unident>
0313_12_20_00___i55459_LOOK_CLR_TP1_ID14050_CAM0_TP1_THR645_CN1584102000785245000_TCN-14050.png,<01_lowident> or <00_unident>
0315_10_25_13___i15_OUT_LOOK_TP1_ID51_CAM0_TP1_THR990_CN1584267913785775000_TCN-51.png,<01_lowident> or <00_unident>
0315_10_28_47___i14_LOOK_CLR_TP1_ID30_CAM0_TP1_THR755_CN1584268127887991000_TCN-30.png,<03_goodident> or <00_unident>
0315_10_35_06___i3_SGLB_CLR_TP1_ID13_CAM0_TP1_THR785_CN1584268506840516000_TCN-13.png,<02_mediumident> or <00_unident>
0315_10_36_09___i95_SGLB_CLR_TP0_ID300_CAM0_TP0_THR750_CN1584268569949524000_TCN-300_MOTION.png,<01_lowident> or <02_mediumident>
0315_10_37_56___i38_SGLB_TP1_ID126_CAM0_TP1_THR970_CN1584268677520712000_TCN-126.png,<00_unident> or <01_lowident>
0315_10_40_57___i5_INN_CLR_TP1_ID16_CAM0_TP1_THR963_CN1584268857711252000_TCN-16.png,<02_mediumident> or <01_lowident>
0315_11_50_30___i208384_LOOK_CLR_TP1_ID20626_CAM0_TP1_THR841_CN1584273028793479000_TCN-20626.png,<02_mediumident> or <01_lowident>
0315_13_05_56___i293885_LOOK_CLR_TP1_ID35710_CAM0_TP1_THR707_CN1584277540730235000_TCN-35710.png,<00_unident> or <01_lowident>
0315_13_07_55___i295017_INB_LOOK_CLR_TP1_ID37468_CAM0_TP1_THR816_CN1584277678818833000_TCN-37468.png,<01_lowident> or <02_mediumident>
0315_14_19_32___i376771_LOOK_CLR_TP1_ID41748_CAM0_TP1_THR657_CN1584281974295308000_TCN-41748.png,<00_unident> or <01_lowident>
0315_15_29_33___i455745_INN_CLR_TP1_ID47206_CAM0_TP1_THR732_CN1584286176299353000_TCN-47206.png,<01_lowident> or <00_unident>
0316_08_37_41___i1658014_LOOK_CLR_TP1_ID272615_CAM0_TP1_THR979_CN1584347857850152000_TCN-272612.png,<02_mediumident> or <01_lowident>
0316_10_43_46___i1756242_INN_LOOK_CLR_TP1_ID338067_CAM0_TP1_THR794_CN1584355432339973000_TCN-338067.png,<01_lowident> or <00_unident>
0316_17_33_29___i2142114_INN_CLR_TP1_ID422966_CAM0_TP1_THR697_CN1584380016755752000_TCN-422966.png,<01_lowident> or <02_mediumident>
0317_10_07_43___i504470_SGLB_LOOK_CLR_TP1_ID301492_CAM0_TP1_THR812_CN1584439665334340000_TCN-301492.png,<01_lowident> or <00_unident>
0318_12_56_44___i1142754_LOOK_CLR_TP1_ID420391_CAM0_TP1_THR936_CN1584536190329722000_TCN-420391.png,<02_mediumident> or <00_unident>
0319_09_50_25___i641576_OUT_CLR_TP1_ID805627_CAM0_TP1_THR853_CN1584611429514754000_TCN-805627.png,<00_unident> or <01_lowident>
0319_14_26_33___i834610_LOOK_CLR_TP1_ID873045_CAM0_TP1_THR717_CN1584627995849841000_TCN-873045.png,<02_mediumident> or <00_unident>
0319_16_35_18___i933348_LOOK_CLR_TP1_ID894000_CAM0_TP1_THR941_CN1584635714016544000_TCN-894000.png,<01_lowident> or <00_unident>
0320_08_45_35___i841190_PLACE_CLR_TP1_ID755743_CAM0_TP1_THR993_CN1584693930848792000_TCN-755707.png,<02_mediumident> or <03_goodident>
0320_13_26_04___i1095992_LOOK_TP1_ID886516_CAM0_TP1_THR970_CN1584710768599049000_TCN-886515.png,<01_lowident> or <02_mediumident>
0320_15_17_34___i1160436_OUT_CLR_TP1_ID908948_CAM0_TP1_THR860_CN1584717451194565000_TCN-908948.png,<01_lowident> or <00_unident>
0320_15_43_34___i1174771_INB_CLR_TP1_ID913530_CAM0_TP1_THR917_CN1584719019165795000_TCN-913530.png,<02_mediumident> or <01_lowident>
0321_18_29_40___i2898536_LOOK_CLR_TP1_ID1157806_CAM0_TP1_THR896_CN1584815381910641000_TCN-1157806.png,<01_lowident> or <00_unident>
0323_15_19_58___i5551541_LOOK_CLR_TP1_ID1974350_CAM0_TP1_THR964_CN1584976790476194000_TCN-1974285.png,<00_unident> or <01_lowident>
0323_16_55_40___i5622384_LOOK_CLR_TP1_ID1978497_CAM0_TP1_THR809_CN1584982494992186000_TCN-1978497.png,<02_mediumident> or <01_lowident>
0324_13_00_11___i6741528_OUTB_CLR_TP1_ID2223541_CAM0_TP1_THR649_CN1585054783924439000_TCN-2223541.png,<01_lowident> or <00_unident>
0325_10_47_39___i8011507_INB_PLACE_CLR_TP1_ID2704454_CAM0_TP1_THR687_CN1585133277064855000_TCN-2704454.png,<02_mediumident> or <01_lowident>
0325_13_15_42___i8103443_INN_TP1_ID2712907_CAM0_TP1_THR985_CN1585142160825154000_TCN-2712907.png,<00_unident> or <03_goodident>
0326_11_20_06___i9170919_OUTB_CLR_TP1_ID3106069_CAM0_TP1_THR689_CN1585221621332951000_TCN-3106069.png,<00_unident> or <02_mediumident>
0326_11_52_33___i6404_OUTB_LOOK_CLR_TP1_ID2054_CAM0_TP1_THR642_CN1585223536965749000_TCN-2054.png,<02_mediumident> or <01_lowident>
0327_07_52_09___i1399561_LOOK_CLR_TP1_ID955871_CAM0_TP1_THR861_CN1585295517810972000_TCN-955871.png,<01_lowident> or <00_unident>
0327_10_39_42___i1567208_OUT_TP1_ID974832_CAM0_TP1_THR894_CN1585305586084050000_TCN-974810.png,<00_unident> or <01_lowident>
0327_10_51_36___i1575661_OUT_CLR_TP1_ID976908_CAM0_TP1_THR727_CN1585306295480117000_TCN-976908.png,<01_lowident> or <00_unident>
0327_14_55_37___i1812378_OUT_CLR_TP1_ID998490_CAM0_TP1_THR824_CN1585320936884477000_TCN-998490.png,<01_lowident> or <02_mediumident>
0327_17_21_02___i1936761_LOOK_CLR_TP1_ID1012377_CAM0_TP1_THR812_CN1585329663002410000_TCN-1012377.png,<00_unident> or <01_lowident>
0401_06_20_54___i9458982_SGLB_CLR_TP2_ID5865556_CAM0_TP2_THR828_CN1585722055352950000_TCN-5865556.png,<00_unident> or <01_lowident>
0408_11_04_59___i21464221_INB_CLR_TP1_ID13535722_CAM0_TP1_THR843_CN1586343922094682000_TCN-13535722.png,<03_goodident> or <01_lowident>
0408_14_33_28___i21643845_INB_CLR_TP1_ID13564671_CAM0_TP1_THR667_CN1586356443738551000_TCN-13564671.png,<03_goodident> or <01_lowident>
0408_16_47_54___i21760658_LOOK_CLR_TP1_ID13571346_CAM0_TP1_THR841_CN1586364346495522000_TCN-13571346.png,<02_mediumident> or <01_lowident>
0410_11_24_27___i542171___________________CR_TP1_ID47309_CAM0_TP1_THR660_CN-47309_TCN-47309___.png,<01_lowident> or <00_unident>
0410_13_44_31___i1774_OT_______SM_______CR_TP1_ID421_CAM0_TP1_THR750_CN1586526269696756000_TCN-421_MN.png,<00_unident> or <01_lowident>
0411_10_12_22___i25728281_LOOK_CLR_TP1_ID15944982_CAM0_TP1_THR977_CN1586599920207407000_TCN-15944977.png,<02_mediumident> or <00_unident>
0413_10_56_24___i2466729__________SM_______CR_TP1_ID1098644_CAM0_TP1_THR750_CN1586775421296576000_TCN-1098644_MN.png,<00_unident> or <01_lowident>
0413_18_08_48___i5305__________SM_______CR_TP1_ID305_CAM0_TP1_THR879_CN1586801329549978000_TCN-305___.png,<02_mediumident> or <01_lowident>
0414_09_11_23___i29528406_INB_CLR_TP1_ID17084033_CAM0_TP1_THR603_CN1586855524772142000_TCN-17084033.png,<02_mediumident> or <01_lowident>
0414_10_16_38___i29531214_SGLB_CLR_TP1_ID17091564_CAM0_TP1_THR970_CN1586859446014668000_TCN-17091564.png,<02_mediumident> or <01_lowident>
0414_11_58_45___i103506_SB_______SM_______CR_TP1_ID883_CAM0_TP1_THR988_CN1586865527613319000_TCN-883___.png,<00_unident> or <01_lowident>
0414_12_28_11___i9077__________SM_______CR_TP1_ID2264_CAM0_TP1_THR977_CN1586867291985878000_TCN-2264___.png,<02_mediumident> or <01_lowident>
0414_12_35_40___i2435_OT________________CR_TP1_ID1482_CAM0_TP1_THR750_CN1586867742170109000_TCN-1482_MN.png,<01_lowident> or <00_unident>
0414_14_15_03___i23335_OT_______SM_______CR_TP1_ID4585_CAM0_TP1_THR750_CN1586873702810201000_TCN-4585_MN.png,<01_lowident> or <00_unident>
0414_14_59_05___i61_IB________________CR_TP1_ID58_CAM0_TP1_THR951_CN1586876346662566000_TCN-58___.png,<02_mediumident> or <01_lowident>
0414_15_09_27___i29571209_INB_CLR_TP1_ID17124968_CAM0_TP1_THR681_CN1586877015706105000_TCN-17124968.png,<02_mediumident> or <01_lowident>
0414_16_01_47___i29573292_INB_CLR_TP1_ID17129165_CAM0_TP1_THR952_CN1586880155620434000_TCN-17129165.png,<01_lowident> or <02_mediumident>
0414_16_46_46___i29575236_INB_CLR_TP1_ID17131690_CAM0_TP1_THR739_CN1586882854901095000_TCN-17131690.png,<01_lowident> or <00_unident>
0414_17_29_43___i17447__________SM_______CR_TP1_ID590_CAM0_TP1_THR692_CN1586885378854844000_TCN-590___.png,<02_mediumident> or <01_lowident>
0415_10_41_23___i30031777_INB_CLR_TP1_ID17704628_CAM0_TP1_THR872_CN1586947328832114000_TCN-17704628.png,<02_mediumident> or <01_lowident>
0415_12_59_56___i30044570_LOOK_CLR_TP1_ID17714953_CAM0_TP1_THR892_CN1586955611461299000_TCN-17714953.png,<02_mediumident> or <01_lowident>
0415_17_01_28___i30110893_INN_CLR_TP1_ID17727675_CAM0_TP1_THR934_CN1586970134972798000_TCN-17727675.png,<02_mediumident> or <01_lowident>
2019-08-29_07-54-55_id2384_appears_.jpg,<00_unident> or <01_lowident>
2019-08-29_11-29-57_id12442_appears_camp_area.jpg,<02_mediumident> or <01_lowident>
2019-08-29_11-46-04_id13602_.jpg,<01_lowident> or <02_mediumident>
2019-08-29_12-52-58_id15912_appears_from_outside_camp_area.jpg,<00_unident> or <01_lowident>
2019-08-29_12-53-54_id16496_appears_from_outside_camp_area.jpg,<01_lowident> or <00_unident>
2019-08-29_12-55-11_id17807_leaves__way_area.jpg,<00_unident> or <01_lowident>
2019-08-29_15-03-36_id26389_leaves__camp_area.jpg,<00_unident> or <01_lowident>
2019-08-29_15-53-04_id33859_appears_camp_area.jpg,<01_lowident> or <00_unident>
2019-08-29_17-42-52_id49465_leaves_outside_.jpg,<00_unident> or <01_lowident>
2019-08-29_19-44-34_id51240_.jpg,<02_mediumident> or <01_lowident>
2019-08-30_07-26-06_id53515_appears_camp_area.jpg,<02_mediumident> or <01_lowident>
2019-08-30_09-46-18_id62765_leaves_outside_MM.jpg,<02_mediumident> or <00_unident>
2019-08-30_11-09-31_id76337_.jpg,<01_lowident> or <02_mediumident>
2019-08-30_11-13-52_id77420_appears_camp_area.jpg,<02_mediumident> or <01_lowident>
2019-08-30_11-39-28_id79670_leaves__camp_area.jpg,<02_mediumident> or <03_goodident>
2019-08-30_11-42-11_id79767_leaves__M.jpg,<02_mediumident> or <03_goodident>
2019-08-30_12-36-04_id81832_appears_way_area.jpg,<01_lowident> or <00_unident>
2019-08-30_14-05-16_id95328_.jpg,<01_lowident> or <03_goodident>
2019-08-30_14-32-53_id98070_.jpg,<02_mediumident> or <01_lowident>
2019-08-30_16-38-02_id110930_moves_camp_area___way_area.jpg,<03_goodident> or <02_mediumident>
2019-08-30_20-02-00_id119676_appears_camp_area.jpg,<01_lowident> or <00_unident>
2019-08-31_10-05-10_id128598_appears_from_outside_camp_area.jpg,<01_lowident> or <00_unident>
2019-08-31_11-08-15_id289_appears_way_area.jpg,<01_lowident> or <00_unident>
2019-08-31_13-44-18_id14693_.jpg,<03_goodident> or <02_mediumident>
2019-08-31_13-49-19_id17507_.jpg,<00_unident> or <01_lowident>
2019-08-31_13-51-14_id21723_appears_way_area.jpg,<02_mediumident> or <03_goodident>
2019-09-01_09-43-10_id43183_leaves_outside_M.jpg,<02_mediumident> or <03_goodident>
2019-09-01_12-46-58_id49058_leaves_outside_M.jpg,<02_mediumident> or <01_lowident>
2019-09-13_15-23-25_id51690_single_instance_1568388207103131000_at_camp_area.jpg,<02_mediumident> or <01_lowident>
2019-09-14_09-42-24_id69917_appears_.jpg,<00_unident> or <01_lowident>
2019-09-14_17-25-02_id6387_non_similar_look_.jpg,<00_unident> or <01_lowident>
2019-09-15_16-18-22_id12876_non_similar_look_.jpg,<03_goodident> or <02_mediumident>
2019-09-16_08-57-00_id18866__appears_from_outside_camp_area.jpg,<01_lowident> or <00_unident>
2019-09-16_10-02-54_id22406_non_similar_look_.jpg,<02_mediumident> or <03_goodident>
2019-09-16_12-20-39_id45400__single_instance_1568636440757044000_at_.jpg,<02_mediumident> or <03_goodident>
2019-09-16_12-58-02_id54145__single_instance_1568638684691512000_at_way_area.jpg,<01_lowident> or <00_unident>
2019-09-16_13-21-41_id57453__appears_way_area.jpg,<00_unident> or <02_mediumident>
2019-09-16_13-57-36_id59783_non_similar_look_leaves_outside_.jpg,<02_mediumident> or <03_goodident>
2019-09-16_16-40-18_id80017__.jpg,<02_mediumident> or <01_lowident>
2019-09-16_16-47-26_id82695__appears_camp_area.jpg,<01_lowident> or <03_goodident>
2019-09-16_17-57-12_id95085_non_similar_look_.jpg,<03_goodident> or <00_unident>
2019-09-16_17-58-40_id96458__moves_way_area___.jpg,<03_goodident> or <02_mediumident>
2019-09-19_10-23-09_id21785__.jpg,<00_unident> or <01_lowident>
2019-10-07_09-12-01_i=841396_id=4745_cn=1570439522804352000_thr=991_descr__looks_different.jpg,<01_lowident> or <03_goodident>
2019-10-07_12-04-21_i=944803_id=13819_cn=1570449863372310000_thr=855_descr_Out_.jpg,<02_mediumident> or <01_lowident>
2019-10-07_17-02-46_i=1123853_id=27972_cn=1570467767994010000_thr=653_descr_In_.jpg,<01_lowident> or <00_unident>
2019-10-07_17-44-20_i=1148790_id=30156_cn=1570470261671665000_thr=762_descr_Sgl_looks_different.jpg,<02_mediumident> or <01_lowident>
2019-10-08_07-58-08_i=446448_id=2697_cn=1570521465495263000_thr=730_descr_Out_crossing.jpg,<01_lowident> or <02_mediumident>
2019-10-08_11-33-36_i=11422_id=308_cn=1570534418175677000_thr=870_descr_In@b_.jpg,<00_unident> or <02_mediumident>
2019-10-08_14-19-15_i=110816_id=7320_cn=1570544357260783000_thr=819_descr_Out_.jpg,<00_unident> or <02_mediumident>
2019-10-08_17-18-21_i=218279_id=10500_cn=1570555102190239000_thr=767_descr_Out_.jpg,<00_unident> or <01_lowident>
2019-10-10_10-46-47_i=623214_id=43536_cn=1570704403039255000_thr=802_descr_Out_.jpg,<01_lowident> or <02_mediumident>
2019-10-10_14-27-05_i=117479_id=36270_cn=1570717627095986000_thr=778_descr_In_.jpg,<02_mediumident> or <01_lowident>
2019-10-11_10-27-42_i=624182_id=43891_cn=1570789661978093000_thr=712_descr_Out_.jpg,<02_mediumident> or <01_lowident>
2019-10-12_09-08-33_i=1440717_id=109647_cn=1570871315309832000_thr=775_descr_In_.jpg,<01_lowident> or <02_mediumident>
2019-10-12_13-04-55_i=92042_id=1691_cn=1570885497082184000_thr=846_descr_In@bord_.jpg,<01_lowident> or <02_mediumident>
2019-11-18_09-10-20_i=62065_id=11471_cn=1574068220174041000_thr=804_descr__crossing.jpg,<02_mediumident> or <03_goodident>
2019-11-19_09-06-04_i=24592_id=2086_cn=1574154367487643000_thr=954_descr_Sgl_looks_different.jpg,<00_unident> or <01_lowident>
2019-11-19_11-32-10_i=114278_id=10760_cn=1574163177089484000_thr=676_descr_Out_.jpg,<01_lowident> or <02_mediumident>
2019-11-19_13-33-15_i=60741_id=8081_cn=1574170428471215000_thr=887_descr_In_looks_different.jpg,<01_lowident> or <02_mediumident>
2019-11-21_09-24-29_i=40815_id=5406_cn=1574328273244756000_thr=673_descr_Out_.jpg,<02_mediumident> or <03_goodident>
2019-11-21_11-40-45_i=9670_id=446_cn=1574336447089056000_thr=732_descr_Sg@bord_looks_different.jpg,<02_mediumident> or <01_lowident>
2019-11-21_14-05-42_i=10133_id=5211_cn=1574345147056168000_thr=724_descr_In@bord_crossing.jpg,<01_lowident> or <02_mediumident>
2019-11-22_10-42-35_i=20513_id=3325_cn=1574419357491210000_thr=771_descr_In@bord_.jpg,<01_lowident> or <02_mediumident>
2019-11-22_13-58-40_i=42126_id=7147_cn=1574431122478232000_thr=503_descr_Out@bord_looks_different.jpg,<02_mediumident> or <01_lowident>
2019-11-23_13-28-05_i=169411_id=7569_cn=1574515695447788000_thr=713_descr_Out_looks_different.jpg,<03_goodident> or <01_lowident>
2019-11-25_15-18-18_i=32054_id=6763_cn=1574695140945085000_thr=914_descr_Out@bord_.jpg,<03_goodident> or <02_mediumident>
2019-11-27_09-33-27_i=350011_id=4385_cn=1574847210222295000_thr=994_descr__looks_different.jpg,<01_lowident> or <00_unident>
2019-11-27_10-10-44_i=377681_id=7156_cn=1574849471661080000_thr=935_descr_In@bord_looks_different.jpg,<00_unident> or <02_mediumident>
2019-11-27_14-15-34_i=29241_id=5837_cn=1574864138895876000_thr=763_descr_Out_looks_different.jpg,<00_unident> or <02_mediumident>
2019-11-28_09-33-12_i=1844_id=1670_cn=1574933593799124000_thr=670_descr_In_looks_different.jpg,<01_lowident> or <03_goodident>
2019-11-28_14-47-03_i=10301_id=9913_cn=1574952261456096000_thr=654_descr__looks_different.jpg,<01_lowident> or <00_unident>
2019-12-01_13-23-13_i=1119945_id=2831_cn=1575206595241894000_thr=850_descr_In@bord_.jpg,<01_lowident> or <02_mediumident>
2019-12-02_15-57-09_i=11805_id=2046_cn=1575302230059056000_thr=790_descr__.jpg,<01_lowident> or <00_unident>
2019-12-02_16-04-00_i=16774_id=4582_cn=1575302622620771000_thr=545_descr__looks_different.jpg,<01_lowident> or <02_mediumident>
2019-12-02_16-25-21_i=27794_id=6605_cn=-6605_thr=626_descr__looks_different.jpg,<01_lowident> or <00_unident>
2019-12-23 12-03-57.i_37200.id_4256.cn_1577102642014906000.thr_905.descr_In_bord .jpg,<01_lowident> or <02_mediumident>
0125_15_13_41_i2237528_id176713_tcn-176713_cn1579965240369245000_thr698.In_different_place.jpg,<00_unident> or <03_goodident>
0128_09_50_24_i4355898_id226578_tcn-226578_cn1580205040557091000_thr998.Sgl_looks_different.jpg,<01_lowident> or <03_goodident>
0201_15_39_49_i7149630_id338810_tcn-338810_cn1580571624709334000_thr984.Sgl_different_place.jpg,<01_lowident> or <03_goodident>
0414_17_29_57___i17579__________SM_______CR_TP1_ID672_CAM0_TP1_THR750_CN1586885394948636000_TCN-672_MN.png,<02_mediumident> or <01_lowident>
0422_18_39_38___i624__________SM_______CR_TP1_ID203_CAM0_TP1_THR999_CN1587580778626031000_TCN-203___.png,<01_lowident> or <03_goodident>
0422_18_42_11___i2724___________________CR_TP1_ID1098_CAM0_TP1_THR687_CN-1098_TCN-1098___.png,<02_mediumident> or <00_unident>
0422_18_45_45___i4827_SB___________________TP1_ID3808_CAM0_TP1_THR711_CN1587581148580604000_TCN-3808___.png,<01_lowident> or <02_mediumident>
0422_19_13_05___i21225__________SM_______CR_TP1_ID11119_CAM0_TP1_THR935_CN1587582785268926000_TCN-11119___.png,<02_mediumident> or <03_goodident>
0422_19_27_27___i29851_SB________________CR_TP1_ID14652_CAM0_TP1_THR847_CN1587583649060792000_TCN-14652___.png,<02_mediumident> or <01_lowident>
0422_19_42_27___i38859_SB_______SM_______CR_TP1_ID16604_CAM0_TP1_THR849_CN1587584549702145000_TCN-16604___.png,<00_unident> or <01_lowident>
0422_19_54_16___i45949_SG_______SM_______CR_TP1_ID18136_CAM0_TP1_THR980_CN1587585258432828000_TCN-18136___.png,<01_lowident> or <02_mediumident>
0422_20_35_55___i70945__________SM_______CR_TP1_ID22171_CAM0_TP1_THR986_CN1587587756141595000_TCN-22171___.png,<01_lowident> or <00_unident>
0423_09_16_51___i37878_IB________________CR_TP1_ID10849_CAM0_TP1_THR880_CN1587633412761513000_TCN-10849___.png,<02_mediumident> or <03_goodident>
0423_09_59_47___i63654_IB________________CR_TP1_ID18351_CAM0_TP1_THR874_CN1587635989762288000_TCN-18351___.png,<02_mediumident> or <03_goodident>
0423_10_40_46___i88243_SB________________CR_TP1_ID20786_CAM0_TP1_THR738_CN1587638447946290000_TCN-20786___.png,<00_unident> or <01_lowident>
0423_11_44_01___i126211___________________CR_TP1_ID23379_CAM0_TP1_THR661_CN-23379_TCN-23379___.png,<01_lowident> or <00_unident>
0423_11_59_25___i135446_IB________________CR_TP1_ID24042_CAM0_TP1_THR817_CN1587643166911719000_TCN-24042___.png,<03_goodident> or <02_mediumident>
0423_12_03_46___i138058_SB________________CR_TP1_ID24428_CAM0_TP1_THR803_CN1587643428062338000_TCN-24428___.png,<01_lowident> or <00_unident>
0423_12_28_45___i82780__________SM__________TP1_ID58845_CAM0_TP1_THR731_CN1587644925316782000_TCN-58845___.png,<01_lowident> or <02_mediumident>
0423_13_01_09___i172496__________SM_______CR_TP1_ID29140_CAM0_TP1_THR750_CN1587646866292614000_TCN-29140_MN.png,<00_unident> or <01_lowident>
0423_14_02_06___i1360779_SB________________CR_TP1_ID388550_CAM0_TP1_THR849_CN1587650529664613000_TCN-388550___.png,<03_goodident> or <02_mediumident>
0423_14_54_09___i240126___________________CR_TP1_ID37550_CAM0_TP1_THR663_CN-37550_TCN-37550___.png,<02_mediumident> or <03_goodident>
0423_15_42_14___i268958_SB_______SM_______CR_TP1_ID42728_CAM0_TP1_THR781_CN1587656537364578000_TCN-42728___.png,<01_lowident> or <02_mediumident>
0423_16_21_36___i292355_OT_______SM_______CR_TP1_ID50237_CAM0_TP1_THR884_CN1587658896375659000_TCN-50237___.png,<01_lowident> or <02_mediumident>
0423_16_25_29___i206752_SB________________CR_TP1_ID148005_CAM0_TP1_THR705_CN1587659135953234000_TCN-148005___.png,<01_lowident> or <02_mediumident>
0423_16_37_17___i301677__________SM_______CR_TP1_ID54092_CAM0_TP1_THR866_CN1587659840811152000_TCN-54092___.png,<02_mediumident> or <00_unident>
0423_16_47_17___i212201_OT________________CR_TP1_ID156678_CAM0_TP1_THR820_CN1587660365107981000_TCN-156678___.png,<01_lowident> or <00_unident>
0423_18_24_47___i363113__________SM_______CR_TP1_ID74312_CAM0_TP1_THR750_CN1587666288151572000_TCN-74312_MN.png,<02_mediumident> or <03_goodident>
0423_18_48_57___i377239_SG____PC_SM_______CR_TP1_ID76630_CAM0_TP1_THR996_CN1587667742153713000_TCN-76630___.png,<03_goodident> or <02_mediumident>
0423_19_07_50___i388470__________SM_______CR_TP1_ID78631_CAM0_TP1_THR783_CN1587668869775784000_TCN-78631___.png,<02_mediumident> or <03_goodident>
0423_22_07_11___i496071_SB________________CR_TP1_ID83356_CAM0_TP1_THR781_CN1587679634862769000_TCN-83356___.png,<00_unident> or <01_lowident>
0424_08_01_25___i852685_IB________________CR_TP1_ID84014_CAM0_TP1_THR951_CN1587715288284039000_TCN-84014___.png,<02_mediumident> or <01_lowident>
0424_09_05_46___i888775__________SM_______CR_TP1_ID90654_CAM0_TP1_THR928_CN1587719146526238000_TCN-90654___.png,<02_mediumident> or <03_goodident>
0424_09_16_59___i893172_SB_______SM_______CR_TP1_ID94493_CAM0_TP1_THR712_CN1587719825361516000_TCN-94493___.png,<01_lowident> or <00_unident>
0424_10_10_51___i918386___________________CR_TP1_ID104276_CAM0_TP1_THR690_CN-104276_TCN-104276___.png,<01_lowident> or <00_unident>
0424_10_46_21___i936138__________SM_______CR_TP1_ID109086_CAM0_TP1_THR750_CN1587725184810052000_TCN-109086_MN.png,<01_lowident> or <03_goodident>
0424_11_37_35___i471159_SB___________________TP1_ID370586_CAM0_TP1_THR719_CN1587728270041322000_TCN-370586___.png,<00_unident> or <01_lowident>
0424_12_00_41___i975130_IB_______SM_______CR_TP1_ID115402_CAM0_TP1_THR974_CN1587729647363617000_TCN-115402___.png,<01_lowident> or <02_mediumident>
0424_12_07_56___i2452723______________________TP1_ID550187_CAM0_TP1_THR515_CN-550187_TCN-550187___.png,<02_mediumident> or <03_goodident>
0424_13_27_26___i2517604__________SM_______CR_TP1_ID592210_CAM0_TP1_THR750_CN1587734842374170000_TCN-592210_MN.png,<01_lowident> or <02_mediumident>
0424_13_47_46___i2533702__________SM_______CR_TP1_ID602404_CAM0_TP1_THR750_CN1587736069111553000_TCN-602404_MN.png,<00_unident> or <01_lowident>
0424_14_22_33___i1051829_IB________________CR_TP1_ID125734_CAM0_TP1_THR739_CN1587738158703557000_TCN-125734___.png,<02_mediumident> or <00_unident>
0424_14_25_53___i2564471___________________CR_TP1_ID622421_CAM0_TP1_THR541_CN-622421_TCN-622421___.png,<00_unident> or <01_lowident>
0424_17_16_42___i1143856___________________CR_TP1_ID143419_CAM0_TP1_THR673_CN-143419_TCN-143419___.png,<01_lowident> or <02_mediumident>
0424_18_27_37___i1182630_IB________________CR_TP1_ID149049_CAM0_TP1_THR782_CN1587752863331864000_TCN-149049___.png,<00_unident> or <01_lowident>
0428_09_26_06___i428065__________SM_______CR_TP1_ID34803_CAM0_TP1_THR963_CN1588065968054054000_TCN-34803___.png,<01_lowident> or <03_goodident>
0428_11_42_00___i518982__________SM_______CR_TP1_ID57904_CAM0_TP1_THR945_CN1588074123249745000_TCN-57904___.png,<02_mediumident> or <03_goodident>
0428_12_37_29___i553842_SG________________CR_TP1_ID86564_CAM0_TP1_THR893_CN1588077452699549000_TCN-86564___.png,<02_mediumident> or <00_unident>
0428_13_16_48___i579504_SG________________CR_TP1_ID111944_CAM0_TP1_THR882_CN1588079811476182000_TCN-111944___.png,<01_lowident> or <03_goodident>
0429_11_06_15___i94009__________SM_______CR_TP1_ID93291_CAM0_TP1_THR965_CN1588158377921613000_TCN-93291___.png,<02_mediumident> or <03_goodident>
0429_14_38_31___i233454_OT_______SM_______CR_TP1_ID200515_CAM0_TP1_THR937_CN1588171114126207000_TCN-200515___.png,<03_goodident> or <02_mediumident>
2019-11-23_13-25-44_i=168272_id=7316_cn=1574515549463780000_thr=582_descr_In@bord_.jpg,<01_lowident> or <00_unident>
0430_10_21_07___i1041460_SB________________CR_TP1_ID371231_CAM0_TP1_THR921_CN1588242070365667000_TCN-371231___.png,<02_mediumident> or <03_goodident>
0430_14_36_00___i1203713__________SM_______CR_TP1_ID523379_CAM0_TP1_THR960_CN1588257363102594000_TCN-523379___.png,<02_mediumident> or <03_goodident>
0430_17_57_48___i1338675_SB________________CR_TP1_ID606335_CAM0_TP1_THR909_CN1588269472092950000_TCN-606335___.png,<02_mediumident> or <03_goodident>
0504_09_47_01___i4939992__________SM_______CR_TP1_ID1516167_CAM0_TP1_THR914_CN1588585623260616000_TCN-1516167___.png,<01_lowident> or <03_goodident>
0326_09_00_30___i9088387_LOOK_CLR_TP1_ID3099778_CAM0_TP1_THR656_CN1585213250615064000_TCN-3099778.png,<01_lowident> or <00_unident>
0326_17_15_43___i367052_LOOK_CLR_TP1_ID50995_CAM0_TP1_THR927_CN1585242945397041000_TCN-50995.png,<01_lowident> or <02_mediumident>
0327_12_10_04___i1647497_PLACE_CLR_TP1_ID983917_CAM0_TP1_THR981_CN1585310996126132000_TCN-983917.png,<02_mediumident> or <01_lowident>
0406_08_31_38___i18145299_INB_CLR_TP1_ID11341619_CAM0_TP1_THR729_CN1586161907494115000_TCN-11341619.png,<02_mediumident> or <01_lowident>
0407_12_14_29___i19919568_LOOK_CLR_TP1_ID12698323_CAM0_TP1_THR925_CN1586261628742923000_TCN-12698321.png,<02_mediumident> or <01_lowident>
0414_15_56_17___i29573080_OUTB_LOOK_CLR_TP1_ID17128810_CAM0_TP1_THR606_CN1586879595123067000_TCN-17128810.png,<00_unident> or <01_lowident>
0415_16_37_16___i30107409_LOOK_CLR_TP1_ID17726861_CAM0_TP1_THR932_CN1586968656724007000_TCN-17726861.png,<03_goodident> or <01_lowident>
0416_08_42_00___i222395__________SM_______CR_TP1_ID138597_CAM0_TP1_THR750_CN1587026526924122000_TCN-138597_MN.png,<00_unident> or <01_lowident>
0416_14_55_38___i324450_SG________________CR_TP1_ID179856_CAM0_TP1_THR700_CN1587048947064115000_TCN-179856___.png,<01_lowident> or <02_mediumident>
0416_18_49_37___i359812__________SM_______CR_TP1_ID225568_CAM0_TP1_THR907_CN1587062948162865000_TCN-225568___.png,<01_lowident> or <00_unident>
0424_10_41_48___i2384956__________SM_______CR_TP1_ID503097_CAM0_TP1_THR920_CN1587724905064316000_TCN-503097___.png,<03_goodident> or <02_mediumident>
0424_11_13_29___i2408556___________________CR_TP1_ID518821_CAM0_TP1_THR517_CN-518821_TCN-518821___.png,<02_mediumident> or <01_lowident>
0424_12_01_20___i2447639___________________CR_TP1_ID546297_CAM0_TP1_THR687_CN-546297_TCN-546297___.png,<02_mediumident> or <03_goodident>
0424_12_03_53___i2449612___________________CR_TP1_ID547845_CAM0_TP1_THR502_CN-547845_TCN-547845___.png,<02_mediumident> or <01_lowident>
0424_12_58_38___i2494108__________SM_______CR_TP1_ID576495_CAM0_TP1_THR986_CN1587733121286592000_TCN-576495___.png,<02_mediumident> or <03_goodident>
0424_14_23_44___i2563015___________________CR_TP1_ID621392_CAM0_TP1_THR521_CN-621392_TCN-621392___.png,<01_lowident> or <02_mediumident>
0424_14_25_57___i2564497___________________CR_TP1_ID622447_CAM0_TP1_THR501_CN-622447_TCN-622447___.png,<01_lowident> or <00_unident>
0424_14_27_53___i2565903_IB________________CR_TP1_ID622736_CAM0_TP1_THR934_CN1587738476673648000_TCN-622736___.png,<01_lowident> or <02_mediumident>
0424_16_37_47___i2672305_OT_______SM_______CR_TP1_ID669170_CAM0_TP1_THR750_CN1587746265735520000_TCN-669170_MN.png,<01_lowident> or <00_unident>
0428_09_27_32___i429016__________SM_______CR_TP1_ID34978_CAM0_TP1_THR993_CN1588066053238020000_TCN-34978___.png,<02_mediumident> or <03_goodident>
0430_07_44_10___i4096065__________SM_______CR_TP1_ID1233068_CAM0_TP1_THR750_CN1588232637606901000_TCN-1233068_MN.png,<00_unident> or <01_lowident>
0501_09_01_41___i1956042_SG________________CR_TP1_ID935822_CAM0_TP1_THR923_CN1588323705154866000_TCN-935822___.png,<01_lowident> or <02_mediumident>
0501_16_43_51___i313__________SM_______CR_TP1_ID193_CAM0_TP1_THR987_CN1588351431646776000_TCN-193___.png,<01_lowident> or <02_mediumident>
0501_17_24_05___i22235__________SM_______CR_TP1_ID6418_CAM0_TP1_THR989_CN1588353846738529000_TCN-6418___.png,<02_mediumident> or <03_goodident>
0501_17_59_03___i43214_SB________________CR_TP1_ID11006_CAM0_TP1_THR887_CN1588355944778028000_TCN-11006___.png,<01_lowident> or <03_goodident>
0501_19_38_00___i102600__________SM_______CR_TP1_ID31041_CAM0_TP1_THR992_CN1588361881214516000_TCN-31041___.png,<03_goodident> or <02_mediumident>
0501_19_50_35___i110161__________SM_______CR_TP1_ID31679_CAM0_TP1_THR905_CN1588362635975327000_TCN-31679___.png,<03_goodident> or <02_mediumident>
0502_07_49_19___i414393__________SM_______CR_TP1_ID273777_CAM0_TP1_THR872_CN1588405762347402000_TCN-273777___.png,<01_lowident> or <00_unident>
0502_09_39_25___i10800_SB________________CR_TP1_ID864_CAM0_TP1_THR986_CN1588412367889935000_TCN-864___.png,<01_lowident> or <02_mediumident>
0502_10_10_12___i29278_SG____PC_SM_______CR_TP1_ID5247_CAM0_TP1_THR885_CN1588414214530057000_TCN-5247___.png,<02_mediumident> or <03_goodident>
0502_10_26_00___i1314_SG________________CR_TP1_ID86_CAM0_TP1_THR890_CN1588415162688947000_TCN-86___.png,<02_mediumident> or <03_goodident>
0502_11_09_32___i27436_IB________________CR_TP1_ID6673_CAM0_TP1_THR909_CN1588417774580862000_TCN-6673___.png,<01_lowident> or <03_goodident>
0502_12_57_53___i92468_SG____PC_SM_______CR_TP1_ID19732_CAM0_TP1_THR960_CN1588424275951347000_TCN-19732___.png,<02_mediumident> or <03_goodident>
0502_14_41_12___i154473_SB_______SM_______CR_TP1_ID56872_CAM0_TP1_THR930_CN1588430474525563000_TCN-56872___.png,<01_lowident> or <03_goodident>
0502_15_44_32___i192479__________SM_______CR_TP1_ID67279_CAM0_TP1_THR947_CN1588434273171997000_TCN-67279___.png,<02_mediumident> or <03_goodident>
0502_17_16_51___i247874_SG________________CR_TP1_ID99524_CAM0_TP1_THR899_CN1588439815262525000_TCN-99524___.png,<02_mediumident> or <03_goodident>
0502_18_29_57___i291756_IN________________CR_TP1_ID111500_CAM0_TP1_THR998_CN1588444199370067000_TCN-111500___.png,<03_goodident> or <02_mediumident>
0502_19_55_39___i343191_OT_______SM__________TP1_ID119043_CAM0_TP1_THR995_CN1588449340860189000_TCN-119043___.png,<02_mediumident> or <03_goodident>
0502_20_20_22___i358021_IB________________CR_TP1_ID120465_CAM0_TP1_THR952_CN1588450823841982000_TCN-120465___.png,<02_mediumident> or <03_goodident>
0502_20_49_54___i375755__________SM_______CR_TP1_ID121530_CAM0_TP1_THR998_CN1588452594124379000_TCN-121530___.png,<02_mediumident> or <00_unident>
0502_23_12_16___i461193__________SM_______CR_TP1_ID122384_CAM0_TP1_THR978_CN1588461137802474000_TCN-122384___.png,<00_unident> or <01_lowident>
0503_11_43_05___i911798__________SM_______CR_TP1_ID126972_CAM0_TP1_THR951_CN1588506187610566000_TCN-126972___.png,<01_lowident> or <00_unident>
0503_18_12_43___i1145645__________SM_______CR_TP1_ID157824_CAM0_TP1_THR966_CN1588529564738958000_TCN-157824___.png,<02_mediumident> or <01_lowident>
0504_08_29_05___i9315_SB________________CR_TP1_ID1545_CAM0_TP1_THR898_CN1588580947680231000_TCN-1545___.png,<02_mediumident> or <03_goodident>
0504_08_57_35___i4908775_SG________________CR_TP1_ID1492374_CAM0_TP1_THR903_CN1588582659497708000_TCN-1492374___.png,<02_mediumident> or <03_goodident>
0504_09_05_46___i4913658_SB________________CR_TP1_ID1496992_CAM0_TP1_THR885_CN1588583150056465000_TCN-1496992___.png,<01_lowident> or <02_mediumident>
0504_10_16_16___i4958093__________SM_______CR_TP1_ID1529688_CAM0_TP1_THR943_CN1588587379324951000_TCN-1529688___.png,<02_mediumident> or <03_goodident>
0504_10_46_13___i3487_OT_______SM_______CR_TP1_ID727_CAM0_TP1_THR931_CN1588589174085591000_TCN-727___.png,<01_lowident> or <03_goodident>
0504_10_56_03___i9392__________SM__________TP1_ID2128_CAM0_TP1_THR919_CN1588589763334736000_TCN-2128___.png,<02_mediumident> or <03_goodident>
0504_14_55_07___i1079_SB_______SM_______CR_TP1_ID200_CAM0_TP1_THR939_CN1588604108828172000_TCN-200___.png,<01_lowident> or <03_goodident>
0504_15_54_44___i2926205_SB________________CR_TP1_ID869911_CAM0_TP1_THR766_CN1588607704747998000_TCN-869911___.png,<01_lowident> or <02_mediumident>
0504_16_18_48___i2929583___________________CR_TP1_ID875040_CAM0_TP1_THR678_CN-875040_TCN-875040___.png,<02_mediumident> or <01_lowident>
0504_16_32_36___i2931394_SG________________CR_TP1_ID877566_CAM0_TP1_THR854_CN1588609977208476000_TCN-877566___.png,<01_lowident> or <02_mediumident>
0504_18_39_35___i135798_OT_______SM_______CR_TP1_ID44940_CAM0_TP1_THR890_CN1588617565293299000_TCN-44940___.png,<01_lowident> or <00_unident>
0504_19_07_48___i152734_SB________________CR_TP1_ID51433_CAM0_TP1_THR898_CN1588619270316626000_TCN-51433___.png,<02_mediumident> or <01_lowident>
0504_19_34_03___i3075818__________SM_______CR_TP1_ID901095_CAM0_TP1_THR750_CN1588620837268874000_TCN-901095_MN.png,<02_mediumident> or <01_lowident>
0505_11_05_08___i3584057___________________CR_TP1_ID979159_CAM0_TP1_THR664_CN-979159_TCN-979159___.png,<01_lowident> or <00_unident>
0505_11_48_30___i3589123__________SM_______CR_TP1_ID986390_CAM0_TP1_THR750_CN1588679327734001000_TCN-986390_MN.png,<02_mediumident> or <00_unident>
0505_14_04_41___i6081933_SB________________CR_TP1_ID2031825_CAM0_TP1_THR889_CN1588687484878279000_TCN-2031825___.png,<02_mediumident> or <03_goodident>
0505_15_42_29___i215865__________SM__________TP1_ID53859_CAM0_TP1_THR988_CN1588693350933538000_TCN-53859___.png,<01_lowident> or <02_mediumident>
0505_19_19_14___i345956__________SM_______CR_TP1_ID80677_CAM0_TP1_THR979_CN1588706353523353000_TCN-80677___.png,<02_mediumident> or <01_lowident>
0506_09_27_48___i6867993_IN________________CR_TP1_ID2193728_CAM0_TP1_THR985_CN1588757272709915000_TCN-2193728___.png,<01_lowident> or <03_goodident>
0506_12_28_13___i4409797_OT________________CR_TP1_ID1112986_CAM0_TP1_THR750_CN1588768058319821000_TCN-1112986_MN.png,<02_mediumident> or <01_lowident>
0506_14_00_30___i7037182__________SM_______CR_TP1_ID2274423_CAM0_TP1_THR967_CN1588773635972678000_TCN-2274423___.png,<02_mediumident> or <03_goodident>
0506_14_28_32___i7053172_SB________________CR_TP1_ID2283597_CAM0_TP1_THR967_CN1588775317051463000_TCN-2283597___.png,<02_mediumident> or <03_goodident>
0506_14_45_09___i7061037_IN________________CR_TP1_ID2295567_CAM0_TP1_THR998_CN1588776314162974000_TCN-2295567___.png,<02_mediumident> or <03_goodident>
0506_15_04_01___i4449486__________SM_______CR_TP1_ID1124246_CAM0_TP1_THR961_CN1588777445797779000_TCN-1124246___.png,<01_lowident> or <02_mediumident>
0506_15_36_09___i7085086__________SM_______CR_TP1_ID2320280_CAM0_TP1_THR931_CN1588779373852781000_TCN-2320280___.png,<03_goodident> or <02_mediumident>
0507_16_05_07___i5462721__________SM_______CR_TP1_ID1191407_CAM0_TP1_THR965_CN1588867536640005000_TCN-1191407___.png,<02_mediumident> or <01_lowident>
0508_11_03_16___i6132363__________SM_______CR_TP1_ID1247611_CAM0_TP1_THR750_CN1588935824776043000_TCN-1247611_MN.png,<01_lowident> or <00_unident>
0508_12_21_04___i6152217__________SM_______CR_TP1_ID1253475_CAM0_TP1_THR750_CN1588940474230744000_TCN-1253475_MN.png,<02_mediumident> or <01_lowident>
0508_14_47_54___i8921009_SB________________CR_TP1_ID2648488_CAM0_TP1_THR881_CN1588949279556170000_TCN-2648488___.png,<00_unident> or <01_lowident>
0509_13_39_51___i9814882__________SM_______CR_TP1_ID2770907_CAM0_TP1_THR966_CN1589031597507330000_TCN-2770907___.png,<03_goodident> or <02_mediumident>
0510_13_05_43___i10698190__________SM_______CR_TP1_ID2992141_CAM0_TP1_THR992_CN1589115952583768000_TCN-2992141___.png,<02_mediumident> or <03_goodident>
0510_19_14_29___i13507__________SM_______CR_TP1_ID1104_CAM0_TP1_THR984_CN1589138066998859000_TCN-1104___.png,<02_mediumident> or <03_goodident>
0512_10_47_41___i10512237__________SM_______CR_TP1_ID1462429_CAM0_TP1_THR750_CN1589280491240735000_TCN-1462429_MN.png,<02_mediumident> or <01_lowident>
0512_15_35_24___i12638591__________SM__________TP1_ID4696100_CAM0_TP1_THR948_CN1589297731538591000_TCN-4696100___.png,<02_mediumident> or <03_goodident>
0512_16_58_44___i12673504_SG___________________TP1_ID4749386_CAM0_TP1_THR891_CN1589302737521815000_TCN-4749386___.png,<01_lowident> or <03_goodident>
0512_17_47_34___i12690807__________SM_______CR_TP1_ID4779417_CAM0_TP1_THR947_CN1589305661431915000_TCN-4779417___.png,<03_goodident> or <02_mediumident>
0513_07_47_20___i11275843__________SM_______CR_TP1_ID1518050_CAM0_TP1_THR980_CN1589356072764486000_TCN-1518050___.png,<01_lowident> or <02_mediumident>
0513_10_33_39___i11363805__________SM_______CR_TP1_ID1524134_CAM0_TP1_THR994_CN1589365995397752000_TCN-1524134___.png,<01_lowident> or <00_unident>
0513_11_17_47___i11393126__________SM_______CR_TP1_ID1525680_CAM0_TP1_THR750_CN1589368696234085000_TCN-1525680_MN.png,<00_unident> or <01_lowident>
0513_18_52_58___i13596977_SG________________CR_TP1_ID5737985_CAM0_TP1_THR976_CN1589395992271840000_TCN-5737985___.png,<02_mediumident> or <03_goodident>
0514_09_50_29___i12112499__________SM_______CR_TP1_ID1580136_CAM0_TP1_THR750_CN1589449842003382000_TCN-1580136_MN.png,<01_lowident> or <00_unident>
0514_10_54_53___i14199909_OT_______SM_______CR_TP1_ID6289382_CAM0_TP1_THR915_CN1589453688546968000_TCN-6289382___.png,<02_mediumident> or <03_goodident>
0514_12_31_04___i12171411__________SM_______CR_TP1_ID1590256_CAM0_TP1_THR952_CN1589459480145369000_TCN-1590256___.png,<02_mediumident> or <01_lowident>
0514_17_35_33___i152997_SB________________CR_TP1_ID132057_CAM0_TP1_THR993_CN1589477736913471000_TCN-132057___.png,<02_mediumident> or <03_goodident>
0514_18_32_34___i25804__________SM_______CR_TP1_ID322_CAM0_TP1_THR994_CN1589481151689250000_TCN-322___.png,<00_unident> or <02_mediumident>
0514_19_14_31___i50986_SG________________CR_TP1_ID1104_CAM0_TP1_THR859_CN1589483673300369000_TCN-1104___.png,<01_lowident> or <03_goodident>
0514_19_42_25___i67735_SB________________CR_TP1_ID1360_CAM0_TP1_THR807_CN1589485347859320000_TCN-1360___.png,<02_mediumident> or <01_lowident>
0514_20_36_22___i100110_IN________________CR_TP1_ID1000009604_CAM0_TP1_THR650_CN1589488584390793000_TCN-1000009604_MN.png,<02_mediumident> or <01_lowident>
0514_21_04_18___i270051__________SM_______CR_TP1_ID297262_CAM0_TP1_THR951_CN1589490263086367000_TCN-297262___.png,<02_mediumident> or <03_goodident>
0515_08_40_02___i534424_SB________________CR_TP1_ID27454_CAM0_TP1_THR986_CN1589532004137064000_TCN-27454___.png,<01_lowident> or <00_unident>
0515_09_30_36___i564772_IN_______SM_______CR_TP1_ID1000034559_CAM0_TP1_THR650_CN1589535038111683000_TCN-1000034559_MN.png,<02_mediumident> or <00_unident>
0515_15_49_19___i13079177__________SM_______CR_TP1_ID1665280_CAM0_TP1_THR901_CN1589557736374767000_TCN-1665280___.png,<01_lowident> or <00_unident>
0515_17_29_56___i1033279_SG_______SM_______CR_TP1_ID752607_CAM0_TP1_THR907_CN1589563804063490000_TCN-752607___.png,<02_mediumident> or <03_goodident>
0518_16_20_29___i3578562_IB________________CR_TP1_ID3344573_CAM0_TP1_THR891_CN1589818836255578000_TCN-3344573___.png,<01_lowident> or <02_mediumident>
0519_08_36_24___i599885__________SM_______CR_TP1_ID265289_CAM0_TP1_THR750_CN1589877383618908000_TCN-265289_MN.png,<01_lowident> or <00_unident>
0519_09_48_45___i643804_IB________________CR_TP1_ID293223_CAM0_TP1_THR887_CN1589881733588344000_TCN-293223___.png,<02_mediumident> or <01_lowident>
0519_12_50_24___i793822__________SM_______CR_TP1_ID327079_CAM0_TP1_THR842_CN1589892628123611000_TCN-327079___.png,<00_unident> or <01_lowident>
0519_15_11_27___i4474003_SG________________CR_TP1_ID3997545_CAM0_TP1_THR936_CN1589901096162181000_TCN-3997545___.png,<01_lowident> or <03_goodident>
0519_18_30_03___i1064514_OT________________CR_TP1_ID377191_CAM0_TP1_THR750_CN1589912997938971000_TCN-377191_MN.png,<00_unident> or <01_lowident>
0520_10_29_31___i5209357_SG________________CR_TP1_ID4589135_CAM0_TP1_THR882_CN1589970580711516000_TCN-4589135___.png,<02_mediumident> or <03_goodident>
0520_10_35_48___i5212534_SB________________CR_TP1_ID4594415_CAM0_TP1_THR882_CN1589970954742845000_TCN-4594415___.png,<03_goodident> or <02_mediumident>
0520_11_36_17___i5245189_SG________________CR_TP1_ID4642327_CAM0_TP1_THR887_CN1589974586311458000_TCN-4642327___.png,<02_mediumident> or <03_goodident>
0520_11_44_47___i5247377_SB________________CR_TP1_ID4648536_CAM0_TP1_THR899_CN1589975098307869000_TCN-4648536___.png,<01_lowident> or <03_goodident>
0520_12_06_58___i5253515__________SM_______CR_TP1_ID4661653_CAM0_TP1_THR961_CN1589976424733170000_TCN-4661653___.png,<02_mediumident> or <03_goodident>
0520_12_11_46___i5254982_SG________________CR_TP1_ID4664679_CAM0_TP1_THR986_CN1589976713105821000_TCN-4664679___.png,<03_goodident> or <02_mediumident>
0520_13_58_49___i5323279_IB________________CR_TP1_ID4736894_CAM0_TP1_THR963_CN1589983140361291000_TCN-4736894___.png,<03_goodident> or <00_unident>
0520_15_03_31___i2137159_SB________________CR_TP1_ID473647_CAM0_TP1_THR711_CN1589987025760336000_TCN-473647___.png,<00_unident> or <01_lowident>
0520_18_01_04___i5480374_OT________________CR_TP1_ID4898320_CAM0_TP1_THR910_CN1589997665557706000_TCN-4898320___.png,<02_mediumident> or <03_goodident>
0520_18_59_13___i5507795_SG________________CR_TP1_ID4932740_CAM0_TP1_THR922_CN1590001160069787000_TCN-4932740___.png,<01_lowident> or <02_mediumident>
copy_0889_0411_13_35_22___i25952100_LOOK_CLR_TP1_ID15948934_CAM0_TP1_THR957_CN1586612135065517000_TCN-15948934.png,<02_mediumident> or <00_unident>
copy_3946_0415_10_41_23___i30031777_INB_CLR_TP1_ID17704628_CAM0_TP1_THR872_CN1586947328832114000_TCN-17704628.png,<02_mediumident> or <01_lowident>
copy_6150_0429_11_23_20___i104918__________SM_______CR_TP1_ID105645_CAM0_TP1_THR893_CN1588159401730176000_TCN-105645___.png,<02_mediumident> or <01_lowident>
copy_8564_0429_12_01_30___i130071__________SM_______CR_TP1_ID117815_CAM0_TP1_THR909_CN1588161693036567000_TCN-117815___.png,<02_mediumident> or <03_goodident>
copy_9136_0430_12_21_22___i1118405__________SM_______CR_TP1_ID452726_CAM0_TP1_THR908_CN1588249284477303000_TCN-452726___.png,<02_mediumident> or <03_goodident>
0430_12_15_38___i4128719__________SM_______CR_TP1_ID1248410_CAM0_TP1_THR745_CN1588248978183680000_TCN-1248410___.png,<02_mediumident> or <01_lowident>
0504_16_28_51___i2930893__________SM_______CR_TP1_ID876993_CAM0_TP1_THR896_CN1588609745519102000_TCN-876993___.png,<02_mediumident> or <01_lowident>
0508_13_47_32___i6177683__________SM_______CR_TP1_ID1264226_CAM0_TP1_THR875_CN1588945677569782000_TCN-1264226___.png,<02_mediumident> or <01_lowident>
0520_11_00_44___i1922653__________SM_______CR_TP1_ID458848_CAM0_TP1_THR933_CN1589972456770717000_TCN-458848___.png,<02_mediumident> or <01_lowident>
0521_17_02_55___i3270309_______PC_SM__________TP1_ID584918_CAM0_TP1_THR994_CN1590080571571018000_TCN-584918___.png,<02_mediumident> or <01_lowident>
0522_09_18_23___i4056639__________SM_______CR_TP1_ID641949_CAM0_TP1_THR863_CN1590139095969005000_TCN-641949___.png,<02_mediumident> or <01_lowident>
0522_09_34_03___i356158__________SM_______CR_TP1_ID295_CAM0_TP1_THR952_CN1590140044302942000_TCN-295___.png,<02_mediumident> or <00_unident>
0522_10_02_00___i381222__________SM_______CR_TP1_ID3284_CAM0_TP1_THR924_CN1590141720809048000_TCN-3284___.png,<03_goodident> or <02_mediumident>
0522_10_07_04___i385686___________________CR_TP1_ID4653_CAM0_TP1_THR526_CN-4653_TCN-4653___.png,<01_lowident> or <03_goodident>
0522_10_08_15___i386639_OT________________CR_TP1_ID5172_CAM0_TP1_THR868_CN1590142096388814000_TCN-5172___.png,<02_mediumident> or <01_lowident>
0522_10_19_17___i396071__________SM_______CR_TP1_ID7787_CAM0_TP1_THR998_CN1590142755419234000_TCN-7787___.png,<02_mediumident> or <01_lowident>
0525_09_57_19___i8283162__________SM_______CR_TP1_ID827030_CAM0_TP1_THR993_CN1590400639598289000_TCN-827030___.png,<00_unident> or <01_lowident>
0526_05_06_52___i9229555__________SM_______CR_TP1_ID877715_CAM0_TP1_THR750_CN1590469598348131000_TCN-877715_MN.png,<00_unident> or <01_lowident>
0527_12_35_42___i11018559__________SM_______CR_TP1_ID919528_CAM0_TP1_THR714_CN1590582942051807000_TCN-919528___.png,<00_unident> or <01_lowident>
0527_15_48_12___i553893__________SM_______CR_TP1_ID1000023604_CAM0_TP1_THR650_CN1590594495649887000_TCN-1000023604_MN.png,<02_mediumident> or <03_goodident>
0527_16_33_03___i593148_IN________________CR_TP1_ID1000026163_CAM0_TP1_THR650_CN1590597186486443000_TCN-1000026163_MN.png,<02_mediumident> or <01_lowident>
0527_19_04_55___i11383146_SB________________CR_TP1_ID930562_CAM0_TP1_THR818_CN1590606318809199000_TCN-930562___.png,<02_mediumident> or <01_lowident>
0528_08_57_53___i1478902__________SM_______CR_TP1_ID18307_CAM0_TP1_THR899_CN1590656276432458000_TCN-18307___.png,<01_lowident> or <02_mediumident>
0601_13_10_48___i17146114__________SM_______CR_TP1_ID1234347_CAM0_TP1_THR995_CN1591017038022736000_TCN-1234347___.png,<02_mediumident> or <03_goodident>
0602_09_42_52___i18050405_SB________________CR_TP1_ID1346769_CAM0_TP1_THR701_CN1591091001026479000_TCN-1346769___.png,<02_mediumident> or <01_lowident>
0603_11_30_27___i18984207_OT________________CR_TP1_ID1526000_CAM0_TP1_THR997_CN1591183750382500000_TCN-1525975___.png,<02_mediumident> or <01_lowident>
0527_18_27_38___i5874_OT________________CR_TP1_ID613_CAM0_TP1_THR776_CN1590604059886888000_TCN-613___.png,<01_lowident> or <02_mediumident>
0527_19_47_37___i53870__________SM_______CR_TP1_ID17400_CAM0_TP1_THR950_CN1590608859371261000_TCN-17400___.png,<02_mediumident> or <01_lowident>
0528_07_49_18___i486953__________SM_______CR_TP1_ID80249_CAM0_TP1_THR868_CN1590652153354271000_TCN-80249___.png,<02_mediumident> or <03_goodident>
0004057__0704__19_00_32_______END.png,<01_lowident> or <02_mediumident>
0032124__0704__19_47_18_______END.png,<02_mediumident> or <03_goodident>
0033121__0704__19_48_58__________.png,<02_mediumident> or <00_unident>
0051789__0704__20_20_04__________.png,<02_mediumident> or <03_goodident>
0107354__0704__21_52_40_PC_______.png,<02_mediumident> or <00_unident>
0304070__0705__03_20_29_PC_______.png,<01_lowident> or <00_unident>
0618_22_19_58___i49693__________SM__________TP1_ID1238_CAM0_TP1_THR986_CN1592518799738082000_TCN-1238___.png,<02_mediumident> or <00_unident>
0618_22_45_25___i64968__________SM_______CR_TP1_ID1640_CAM0_TP1_THR855_CN1592520327216756000_TCN-1640___.png,<02_mediumident> or <01_lowident>
0619_07_55_37___i11458_SB________________CR_TP1_ID15119_CAM0_TP1_THR806_CN1592553339720063000_TCN-15119___.png,<01_lowident> or <03_goodident>
0619_09_22_09___i8759__________SM_______CR_TP1_ID17489_CAM0_TP1_THR997_CN1592558530791002000_TCN-17489___.png,<03_goodident> or <02_mediumident>
0619_14_13_54___i13179__________SM_______CR_TP1_ID5882_CAM0_TP1_THR811_CN1592576033268836000_TCN-5882___.png,<03_goodident> or <02_mediumident>
0619_15_13_33___i370_SB________________CR_TP1_ID724_CAM0_TP1_THR963_CN1592579615496778000_TCN-724___.png,<01_lowident> or <00_unident>
0619_15_49_09___i6138__________SM_______CR_TP1_ID5778_CAM0_TP1_THR794_CN1592581747721741000_TCN-5778___.png,<02_mediumident> or <03_goodident>
0619_16_45_47___i15503__________SM_______CR_TP1_ID14846_CAM0_TP1_THR731_CN1592585147643951000_TCN-14846___.png,<02_mediumident> or <03_goodident>
0619_16_54_20___i20635__________SM_______CR_TP1_ID17264_CAM0_TP1_THR997_CN1592585660040183000_TCN-17264___.png,<02_mediumident> or <03_goodident>
0619_17_10_09___i6903_SG________________CR_TP1_ID3921_CAM0_TP1_THR854_CN1592586610922867000_TCN-3921___.png,<01_lowident> or <03_goodident>
0619_17_16_51___i10931_____________FC____CR_TP1_ID5863_CAM0_TP1_THR984_CN1592587013014945000_TCN-5863___.png,<02_mediumident> or <03_goodident>
0619_18_02_00___i21488_OT_______SM_______CR_TP1_ID7572_CAM0_TP1_THR990_CN1592589721059254000_TCN-7572___.png,<02_mediumident> or <03_goodident>
0619_19_04_08___i4090_IB________________CR_TP1_ID279_CAM0_TP1_THR998_CN1592593450057079000_TCN-279___.png,<03_goodident> or <02_mediumident>
0093120__0706__13_37_03_______END.png,<01_lowident> or <00_unident>
0295050__0709__17_45_44_______END.png,<01_lowident> or <02_mediumident>
0000468__0720__14_37_01_PC_______.png,<01_lowident> or <02_mediumident>
0019034__0716__19_56_28_PC_______.png,<02_mediumident> or <03_goodident>
0100470__0716__22_12_10_PC_______.png,<02_mediumident> or <03_goodident>
0482086__0717__08_48_06_PC_______.png,<02_mediumident> or <03_goodident>
0545284__0717__10_33_25_PC_______.png,<00_unident> or <01_lowident>
0549867__0717__10_41_03_PC_______.png,<01_lowident> or <00_unident>
0558188__0717__10_54_55_PC_______.png,<01_lowident> or <02_mediumident>
0568739__0717__11_12_30_P1____END.png,<02_mediumident> or <03_goodident>
0573040__0717__11_19_40_PC_______.png,<02_mediumident> or <01_lowident>
0575603__0717__11_23_56_PC_______.png,<00_unident> or <01_lowident>
0580213__0717__11_31_37_PC_______.png,<02_mediumident> or <03_goodident>
0582595__0717__11_35_36_PC_______.png,<01_lowident> or <03_goodident>
0584645__0717__11_39_00_PC_______.png,<00_unident> or <01_lowident>
0589023__0717__11_46_18__________.png,<02_mediumident> or <03_goodident>
0630477__0717__12_55_23__________.png,<02_mediumident> or <01_lowident>
0632213__0717__12_58_16_PC_______.png,<01_lowident> or <02_mediumident>
0637169__0717__13_06_32_PC_______.png,<00_unident> or <01_lowident>
0639480__0717__13_10_23_______END.png,<00_unident> or <01_lowident>
0647496__0717__13_23_44_PC_______.png,<02_mediumident> or <01_lowident>
0656091__0717__13_38_04_PC_______.png,<02_mediumident> or <03_goodident>
0678744__0717__14_15_49_P1____END.png,<01_lowident> or <02_mediumident>
0690744__0717__14_35_49_PC_______.png,<00_unident> or <01_lowident>
0717372__0717__15_20_11__________.png,<02_mediumident> or <01_lowident>
0721029__0717__15_26_17_PC_______.png,<01_lowident> or <03_goodident>
0725281__0717__15_33_22_PC_______.png,<02_mediumident> or <01_lowident>
0726323__0717__15_35_06_______END.png,<00_unident> or <01_lowident>
0747274__0717__16_10_01_PC_______.png,<02_mediumident> or <01_lowident>
0747672__0717__16_10_41_PC_______.png,<02_mediumident> or <03_goodident>
0751349__0717__16_16_48_PC_______.png,<02_mediumident> or <01_lowident>
0752463__0717__16_18_40__________.png,<00_unident> or <01_lowident>
0758376__0717__16_28_31_PC_______.png,<02_mediumident> or <00_unident>
0772186__0717__16_51_32_PC_______.png,<01_lowident> or <00_unident>
0773982__0717__16_54_31_PC_______.png,<01_lowident> or <00_unident>
0774948__0717__16_56_08__________.png,<01_lowident> or <00_unident>
0782192__0717__17_08_12_PC_______.png,<01_lowident> or <02_mediumident>
0786724__0717__17_15_45_PC_______.png,<03_goodident> or <02_mediumident>
0790523__0717__17_22_05_PC_______.png,<02_mediumident> or <01_lowident>
0795237__0717__17_29_57_PC_______.png,<01_lowident> or <02_mediumident>
0803917__0717__17_44_24_PC_______.png,<02_mediumident> or <01_lowident>
0816937__0717__18_06_06_PC_______.png,<01_lowident> or <02_mediumident>
0822755__0717__18_15_48_PC_______.png,<01_lowident> or <02_mediumident>
0823364__0717__18_16_49_PC_______.png,<02_mediumident> or <01_lowident>
0836351__0717__18_38_27_PC_______.png,<02_mediumident> or <01_lowident>
0839403__0717__18_43_32_PC_______.png,<01_lowident> or <02_mediumident>
1323134__0718__08_09_38_PC_______.png,<01_lowident> or <03_goodident>
1346367__0718__08_48_21_PC_______.png,<02_mediumident> or <00_unident>
1347976__0718__08_51_02_PC_______.png,<02_mediumident> or <01_lowident>
1361893__0718__09_14_13_PC_______.png,<01_lowident> or <00_unident>
1371908__0718__09_30_55_______END.png,<01_lowident> or <00_unident>
1375219__0718__09_36_26_PC_______.png,<02_mediumident> or <03_goodident>
1406006__0718__10_27_44_PC_______.png,<01_lowident> or <02_mediumident>
1425695__0718__11_00_33_PC_______.png,<02_mediumident> or <03_goodident>
1452987__0718__11_46_02_PC_______.png,<02_mediumident> or <01_lowident>
1462210__0718__12_01_24_PC_______.png,<03_goodident> or <02_mediumident>
1515361__0718__13_29_58_PC_______.png,<02_mediumident> or <03_goodident>
1517507__0718__13_33_32_PC_______.png,<01_lowident> or <00_unident>
1528619__0718__13_52_03_PC_______.png,<01_lowident> or <02_mediumident>
1538576__0718__14_08_39_PC_______.png,<02_mediumident> or <01_lowident>
1554480__0718__14_35_09_PC_______.png,<01_lowident> or <00_unident>
1560859__0718__14_45_47_PC_______.png,<02_mediumident> or <03_goodident>
1581502__0718__15_20_11_PC_______.png,<02_mediumident> or <03_goodident>
1594148__0718__15_41_15__________.png,<00_unident> or <01_lowident>
1599426__0718__15_50_03_PC_______.png,<01_lowident> or <00_unident>
1614205__0718__16_14_41_PC_______.png,<02_mediumident> or <01_lowident>
1625258__0718__16_33_06__________.png,<01_lowident> or <00_unident>
1644710__0718__17_05_31_PC_______.png,<02_mediumident> or <03_goodident>
1662240__0718__17_34_43_PC_______.png,<02_mediumident> or <01_lowident>
1823666__0718__22_03_44_PC_______.png,<02_mediumident> or <03_goodident>
1833371__0718__22_19_54_PC_______.png,<02_mediumident> or <03_goodident>
2047642__0719__04_16_58_PC_______.png,<02_mediumident> or <03_goodident>
2141663__0719__06_53_39_PC_______.png,<02_mediumident> or <00_unident>
2199391__0719__08_29_51_PC_______.png,<02_mediumident> or <03_goodident>
2256465__0719__10_04_57_PC_______.png,<02_mediumident> or <01_lowident>
2298639__0719__11_15_14_PC_______.png,<01_lowident> or <02_mediumident>
2305035__0719__11_25_53_PC_______.png,<02_mediumident> or <03_goodident>
2314648__0719__11_41_55_PC_______.png,<03_goodident> or <02_mediumident>
2328818__0719__12_05_31_PC_______.png,<01_lowident> or <02_mediumident>
2343757__0719__12_30_25__________.png,<02_mediumident> or <01_lowident>
2416909__0719__14_32_19_PC_______.png,<02_mediumident> or <03_goodident>
2447520__0719__15_23_20_PC_______.png,<02_mediumident> or <03_goodident>
2505560__0719__17_00_03_PC_______.png,<02_mediumident> or <03_goodident>
2563595__0719__18_36_45_PC_______.png,<02_mediumident> or <03_goodident>
2576865__0719__18_58_52_PC_______.png,<01_lowident> or <02_mediumident>
2601397__0719__19_39_45_PC_______.png,<02_mediumident> or <03_goodident>
2610998__0719__19_55_45_PC_______.png,<03_goodident> or <02_mediumident>
2684173__0719__21_57_41_PC_______.png,<01_lowident> or <00_unident>
3037082__0720__07_45_47_PC_______.png,<01_lowident> or <03_goodident>
3038424__0720__07_48_01_PC_______.png,<02_mediumident> or <03_goodident>
3095843__0720__09_23_42_PC_______.png,<02_mediumident> or <03_goodident>
3103505__0720__09_36_28_PC_______.png,<02_mediumident> or <03_goodident>
3112147__0720__09_50_52_PC_______.png,<02_mediumident> or <03_goodident>
3115213__0720__09_55_59_PC_______.png,<02_mediumident> or <01_lowident>
3125701__0720__10_13_28_PC_______.png,<00_unident> or <01_lowident>
3133802__0720__10_26_57_PC_______.png,<03_goodident> or <01_lowident>
3142123__0720__10_40_49_PC_______.png,<02_mediumident> or <03_goodident>
3165866__0720__11_20_24_PC_______.png,<01_lowident> or <00_unident>
3172357__0720__11_31_12__________.png,<01_lowident> or <00_unident>
3212195__0720__12_37_36_PC_______.png,<01_lowident> or <00_unident>
3214822__0720__12_41_58_PC_______.png,<01_lowident> or <02_mediumident>
3228451__0720__13_04_41__________.png,<00_unident> or <01_lowident>
0794529__0717__15_34_56_PC_______.png,<00_unident> or <01_lowident>
0812__14_41_55__i0007557__gcn1597232509976622__1597232509976622__person__P2_______.png,<02_mediumident> or <03_goodident>
0812__18_12_47__i0134101__gcn1597245154123453__1597245155733432__person__P2_______.png,<02_mediumident> or <03_goodident>
0812__18_41_30__i0151336__gcn1597246884819798__1597246884819798__person__P2_______.png,<02_mediumident> or <03_goodident>
0813__09_36_38__i0688495__gcn1597300593472383__1597300594071468__person__P1_L2____.png,<01_lowident> or <02_mediumident>
0813__11_48_37__i0767695__gcn1597308511494242__1597308511494242__person_____L1____.png,<02_mediumident> or <03_goodident>
0813__16_51_26__i0949412__gcn1597326664930239__1597326684847503__person___________.png,<02_mediumident> or <03_goodident>
0813__17_14_47__i0963428__gcn1597328086076542__1597328086076542__person_____L2____.png,<01_lowident> or <03_goodident>
0813__19_11_25__i1033411__gcn1597335083548425__1597335083548425__person_____L2____.png,<00_unident> or <01_lowident>
0813__19_46_17__i1054339__gcn1597337173945696__1597337175776197__person_____L1____.png,<01_lowident> or <02_mediumident>
0814__08_16_31__i1504542__gcn1597382185749828__1597382187772385__person___________.png,<01_lowident> or <03_goodident>
0814__09_14_14__i1539184__gcn1597385649433274__1597385650116305__person___________.png,<02_mediumident> or <03_goodident>
0814__09_16_22__i1540429__gcn1597385703228970__1597385779318516__person___________.png,<02_mediumident> or <03_goodident>
0818__19_29_39__i0031401__gcn1597767927999426__1597768177785470__person__P2_______.png,<02_mediumident> or <01_lowident>
0819__08_00_32__i0481991__gcn1597813227995419__1597813228519514__person_____L2____.png,<02_mediumident> or <01_lowident>
0819__09_42_28__i0543164__gcn1597817029336447__1597819340450161__person__P2_______.png,<02_mediumident> or <03_goodident>
0819__11_05_24__i0592866__gcn1597817024984402__1597824320139476__person_____L2____.png,<02_mediumident> or <00_unident>
0819__12_50_19__i0655889__gcn1597823823215628__1597830617308157__person_____L2____.png,<03_goodident> or <02_mediumident>
0819__14_57_16__i0730657__gcn1597812922581867__1597838234655633__person_____L2____.png,<00_unident> or <03_goodident>
3166848__0720__11_22_01__________.png,<03_goodident> or <02_mediumident>
0828__07_48_17__i0474049__gcn1598590092737468__1598590092771764__person__P2_L1____.png,<02_mediumident> or <03_goodident>
0828__07_57_10__i0479387__gcn1598590620585675__1598590628941623__person___________.png,<01_lowident> or <00_unident>
0828__08_51_09__i0508918__gcn1598593859286870__1598593862290370__person_____L2____.png,<02_mediumident> or <01_lowident>
0828__09_22_44__i1321354__gcn1598595763419203__1598595763419203__person_____L2____.png,<00_unident> or <01_lowident>
0828__13_13_49__i0662556__gcn1598595948116185__1598609627118608__person__P2_L2____.png,<01_lowident> or <00_unident>
0828__14_16_03__i0699835__gcn1598613359723829__1598613360378917__person__P2_L2____.png,<01_lowident> or <00_unident>
0828__16_51_27__i0787525__gcn1598590112322609__1598622684395018__person_____L2____.png,<01_lowident> or <02_mediumident>
0907__21_22_34__i1873285__gcn1599500183162197__1599502951310784__person__P2_L2____.png,<00_unident> or <01_lowident>
0908__07_02_50__i2221558__gcn1599537757114179__1599537758707673__person_____L2____.png,<00_unident> or <01_lowident>
0908__09_17_01__i2301612__gcn1599545813224733__1599545813224733__person__P1_L1____.png,<02_mediumident> or <03_goodident>
0908__10_17_21__i2337727__gcn1599543450481434__1599549439996932__person___________.png,<02_mediumident> or <03_goodident>
0908__11_24_39__i2375257__gcn1599549870173987__1599553474617643__person___________.png,<02_mediumident> or <01_lowident>
0908__12_43_54__i2420513__gcn1599558209812046__1599558215433376__person__P1_L1____.png,<01_lowident> or <00_unident>
0906__13_00_39__i0708045__gcn1599386437408882__1599386437408882__person_____L2____.png,<02_mediumident> or <03_goodident>
0908__21_33_11__i0120469__gcn1599589936487097__1599589982933096__person__P2_______.png,<01_lowident> or <00_unident>
0909__13_00_57__i0676708__gcn1599645624536997__1599645635000146__person___________.png,<02_mediumident> or <03_goodident>
0915__10_40_18__i0616244__gcn0058851__0058851__multy_____L2____.png,<02_mediumident> or <00_unident>
0915__16_55_01__i0082836__gcn0028404__0028422__person__P2_L1____.png,<02_mediumident> or <03_goodident>
0916__08_48_12__i0654824__gcn0085203__0085204__person__P2_______.png,<02_mediumident> or <03_goodident>
0916__13_43_44__i0831675__gcn0167322__0167436__person___________.png,<01_lowident> or <02_mediumident>
0916__17_01_13__i0950183__gcn0198967__0198967__person__P2_______.png,<03_goodident> or <01_lowident>
0916__18_00_46__i0985919__gcn0206619__0206619__person__P2_______.png,<02_mediumident> or <03_goodident>
0917__11_08_05__i0459787__gcn0032123__0032123__person_____L2____.png,<01_lowident> or <00_unident>
0917__16_48_37__i0664125__gcn0082875__0082875__person__P2_______.png,<03_goodident> or <02_mediumident>
0917__18_40_21__i0731169__gcn0102443__0102445__person__P2_______.png,<02_mediumident> or <01_lowident>
0502_18_15_55___i21__________SM__________TP1_ID202_CAM0_TP1_THR962_CN17_TCN-202___.png,<01_lowident> or <02_mediumident>
0502_18_15_54___i10_IB________________CR_TP1_ID141_CAM0_TP1_THR780_CN16_TCN-141___.png,<02_mediumident> or <00_unident>
0502_18_15_58___i71__________SM_______CR_TP1_ID430_CAM0_TP1_THR982_CN26_TCN-430___.png,<02_mediumident> or <03_goodident>
0502_18_16_01___i113_OT____PC_SM__________TP1_ID650_CAM0_TP1_THR760_CN40_TCN-650___.png,<03_goodident> or <02_mediumident>
